STATE,STATION,DATE,REPORT_TYPE,STATION.LATITUDE,STATION.LONGITUDE,DailyAverageDryBulbTemperature,DailyMaximumDryBulbTemperature,DailyMinimumDryBulbTemperature,POPULATION,STATE_AREA,STATE_DENSITY,MEDIAN_AGE,MEDIAN_HOUSEHOLD_INCOME,POVERTY_RATE,EMPLOYMENT_RATE
Arizona,PHOENIX,1/22/2020,SOD  ,33.43,-112,58,64,51,"7,171,646","113,563.60",63.151,38,"59,246",14,56.3
Arizona,PHOENIX,1/23/2020,SOD  ,33.43,-112,59,71,47,"7,171,646","113,564.60",63.15,38,"59,246",14,56.3
Arizona,PHOENIX,1/24/2020,SOD  ,33.43,-112,61,73,48,"7,171,646","113,565.60",63.15,38,"59,246",14,56.3
Arizona,PHOENIX,1/25/2020,SOD  ,33.43,-112,61,73,48,"7,171,646","113,566.60",63.149,38,"59,246",14,56.3
Arizona,PHOENIX,1/26/2020,SOD  ,33.43,-112,61,73,49,"7,171,646","113,567.60",63.149,38,"59,246",14,56.3
Arizona,PHOENIX,1/27/2020,SOD  ,33.43,-112,63,74,51,"7,171,646","113,568.60",63.148,38,"59,246",14,56.3
Arizona,PHOENIX,1/28/2020,SOD  ,33.43,-112,59,72,46,"7,171,646","113,569.60",63.148,38,"59,246",14,56.3
Arizona,PHOENIX,1/29/2020,SOD  ,33.43,-112,57,67,47,"7,171,646","113,570.60",63.147,38,"59,246",14,56.3
Arizona,PHOENIX,1/30/2020,SOD  ,33.43,-112,58,70,45,"7,171,646","113,571.60",63.146,38,"59,246",14,56.3
Arizona,PHOENIX,1/31/2020,SOD  ,33.43,-112,59,73,44,"7,171,646","113,572.60",63.146,38,"59,246",14,56.3
Arizona,PHOENIX,2/1/2020,SOD  ,33.43,-112,62,78,46,"7,171,646","113,573.60",63.145,38,"59,246",14,56.3
Arizona,PHOENIX,2/2/2020,SOD  ,33.43,-112,64,79,49,"7,171,646","113,574.60",63.145,38,"59,246",14,56.3
Arizona,PHOENIX,2/3/2020,SOD  ,33.43,-112,55,65,45,"7,171,646","113,575.60",63.144,38,"59,246",14,56.3
Arizona,PHOENIX,2/4/2020,SOD  ,33.43,-112,45,55,35,"7,171,646","113,576.60",63.144,38,"59,246",14,56.3
Arizona,PHOENIX,2/5/2020,SOD  ,33.43,-112,45,55,35,"7,171,646","113,577.60",63.143,38,"59,246",14,56.3
Arizona,PHOENIX,2/6/2020,SOD  ,33.43,-112,49,61,36,"7,171,646","113,578.60",63.143,38,"59,246",14,56.3
Arizona,PHOENIX,2/7/2020,SOD  ,33.43,-112,54,67,41,"7,171,646","113,579.60",63.142,38,"59,246",14,56.3
Arizona,PHOENIX,2/8/2020,SOD  ,33.43,-112,58,72,44,"7,171,646","113,580.60",63.141,38,"59,246",14,56.3
Arizona,PHOENIX,2/9/2020,SOD  ,33.43,-112,62,76,47,"7,171,646","113,581.60",63.141,38,"59,246",14,56.3
Arizona,PHOENIX,2/10/2020,SOD  ,33.43,-112,62,72,52,"7,171,646","113,582.60",63.14,38,"59,246",14,56.3
Arizona,PHOENIX,2/11/2020,SOD  ,33.43,-112,54,60,47,"7,171,646","113,583.60",63.14,38,"59,246",14,56.3
Arizona,PHOENIX,2/12/2020,SOD  ,33.43,-112,54,64,43,"7,171,646","113,584.60",63.139,38,"59,246",14,56.3
Arizona,PHOENIX,2/13/2020,SOD  ,33.43,-112,56,68,43,"7,171,646","113,585.60",63.139,38,"59,246",14,56.3
Arizona,PHOENIX,2/14/2020,SOD  ,33.43,-112,60,72,48,"7,171,646","113,586.60",63.138,38,"59,246",14,56.3
Arizona,PHOENIX,2/15/2020,SOD  ,33.43,-112,60,73,46,"7,171,646","113,587.60",63.138,38,"59,246",14,56.3
Arizona,PHOENIX,2/16/2020,SOD  ,33.43,-112,60,74,46,"7,171,646","113,588.60",63.137,38,"59,246",14,56.3
Arizona,PHOENIX,2/17/2020,SOD  ,33.43,-112,63,76,49,"7,171,646","113,589.60",63.136,38,"59,246",14,56.3
Arizona,PHOENIX,2/18/2020,SOD  ,33.43,-112,65,79,51,"7,171,646","113,590.60",63.136,38,"59,246",14,56.3
Arizona,PHOENIX,2/19/2020,SOD  ,33.43,-112,66,79,53,"7,171,646","113,591.60",63.135,38,"59,246",14,56.3
Arizona,PHOENIX,2/20/2020,SOD  ,33.43,-112,67,82,51,"7,171,646","113,592.60",63.135,38,"59,246",14,56.3
Arizona,PHOENIX,2/21/2020,SOD  ,33.43,-112,70,77,62,"7,171,646","113,593.60",63.134,38,"59,246",14,56.3
Arizona,PHOENIX,2/22/2020,SOD  ,33.43,-112,63,69,56,"7,171,646","113,594.60",63.134,38,"59,246",14,56.3
Arizona,PHOENIX,2/23/2020,SOD  ,33.43,-112,57,64,49,"7,171,646","113,595.60",63.133,38,"59,246",14,56.3
Arizona,PHOENIX,2/24/2020,SOD  ,33.43,-112,60,71,49,"7,171,646","113,596.60",63.133,38,"59,246",14,56.3
Arizona,PHOENIX,2/25/2020,SOD  ,33.43,-112,58,68,47,"7,171,646","113,597.60",63.132,38,"59,246",14,56.3
Arizona,PHOENIX,2/26/2020,SOD  ,33.43,-112,57,67,46,"7,171,646","113,598.60",63.131,38,"59,246",14,56.3
Arizona,PHOENIX,2/27/2020,SOD  ,33.43,-112,61,77,45,"7,171,646","113,599.60",63.131,38,"59,246",14,56.3
Arizona,PHOENIX,2/28/2020,SOD  ,33.43,-112,64,77,51,"7,171,646","113,600.60",63.13,38,"59,246",14,56.3
Arizona,PHOENIX,2/29/2020,SOD  ,33.43,-112,65,79,51,"7,171,646","113,601.60",63.13,38,"59,246",14,56.3
Arizona,PHOENIX,3/1/2020,SOD  ,33.43,-112,65,77,53,"7,171,646","113,602.60",63.129,38,"59,246",14,56.3
Arizona,PHOENIX,3/2/2020,SOD  ,33.43,-112,60,70,50,"7,171,646","113,603.60",63.129,38,"59,246",14,56.3
Arizona,PHOENIX,3/3/2020,SOD  ,33.43,-112,64,76,52,"7,171,646","113,604.60",63.128,38,"59,246",14,56.3
Arizona,PHOENIX,3/4/2020,SOD  ,33.43,-112,63,75,51,"7,171,646","113,605.60",63.128,38,"59,246",14,56.3
Arizona,PHOENIX,3/5/2020,SOD  ,33.43,-112,69,84,54,"7,171,646","113,606.60",63.127,38,"59,246",14,56.3
Arizona,PHOENIX,3/6/2020,SOD  ,33.43,-112,73,86,59,"7,171,646","113,607.60",63.126,38,"59,246",14,56.3
Arizona,PHOENIX,3/7/2020,SOD  ,33.43,-112,73,85,60,"7,171,646","113,608.60",63.126,38,"59,246",14,56.3
Arizona,PHOENIX,3/8/2020,SOD  ,33.43,-112,68,75,61,"7,171,646","113,609.60",63.125,38,"59,246",14,56.3
Arizona,PHOENIX,3/9/2020,SOD  ,33.43,-112,67,79,55,"7,171,646","113,610.60",63.125,38,"59,246",14,56.3
Arizona,PHOENIX,3/10/2020,SOD  ,33.43,-112,67,73,60,"7,171,646","113,611.60",63.124,38,"59,246",14,56.3
Arizona,PHOENIX,3/11/2020,SOD  ,33.43,-112,64,66,61,"7,171,646","113,612.60",63.124,38,"59,246",14,56.3
Arizona,PHOENIX,3/12/2020,SOD  ,33.43,-112,64,71,57,"7,171,646","113,613.60",63.123,38,"59,246",14,56.3
Arizona,PHOENIX,3/13/2020,SOD  ,33.43,-112,60,66,53,"7,171,646","113,614.60",63.123,38,"59,246",14,56.3
Arizona,PHOENIX,3/14/2020,SOD  ,33.43,-112,62,73,50,"7,171,646","113,615.60",63.122,38,"59,246",14,56.3
Arizona,PHOENIX,3/15/2020,SOD  ,33.43,-112,65,77,53,"7,171,646","113,616.60",63.121,38,"59,246",14,56.3
Arizona,PHOENIX,3/16/2020,SOD  ,33.43,-112,66,78,53,"7,171,646","113,617.60",63.121,38,"59,246",14,56.3
Arizona,PHOENIX,3/17/2020,SOD  ,33.43,-112,67,75,58,"7,171,646","113,618.60",63.12,38,"59,246",14,56.3
Arizona,PHOENIX,3/18/2020,SOD  ,33.43,-112,60,69,50,"7,171,646","113,619.60",63.12,38,"59,246",14,56.3
Arizona,PHOENIX,3/19/2020,SOD  ,33.43,-112,57,65,49,"7,171,646","113,620.60",63.119,38,"59,246",14,56.3
Arizona,PHOENIX,3/20/2020,SOD  ,33.43,-112,60,71,48,"7,171,646","113,621.60",63.119,38,"59,246",14,56.3
Arizona,PHOENIX,3/21/2020,SOD  ,33.43,-112,64,75,52,"7,171,646","113,622.60",63.118,38,"59,246",14,56.3
Arizona,PHOENIX,3/22/2020,SOD  ,33.43,-112,64,73,55,"7,171,646","113,623.60",63.118,38,"59,246",14,56.3
Arizona,PHOENIX,3/23/2020,SOD  ,33.43,-112,68,77,59,"7,171,646","113,624.60",63.117,38,"59,246",14,56.3
Arizona,PHOENIX,3/24/2020,SOD  ,33.43,-112,66,77,55,"7,171,646","113,625.60",63.116,38,"59,246",14,56.3
Arizona,PHOENIX,3/25/2020,SOD  ,33.43,-112,66,77,55,"7,171,646","113,626.60",63.116,38,"59,246",14,56.3
Arizona,PHOENIX,3/26/2020,SOD  ,33.43,-112,65,70,59,"7,171,646","113,627.60",63.115,38,"59,246",14,56.3
Arizona,PHOENIX,3/27/2020,SOD  ,33.43,-112,59,66,52,"7,171,646","113,628.60",63.115,38,"59,246",14,56.3
Arizona,PHOENIX,3/28/2020,SOD  ,33.43,-112,59,71,47,"7,171,646","113,629.60",63.114,38,"59,246",14,56.3
Arizona,PHOENIX,3/29/2020,SOD  ,33.43,-112,65,77,53,"7,171,646","113,630.60",63.114,38,"59,246",14,56.3
Arizona,PHOENIX,3/30/2020,SOD  ,33.43,-112,65,77,53,"7,171,646","113,631.60",63.113,38,"59,246",14,56.3
Arizona,PHOENIX,3/31/2020,SOD  ,33.43,-112,67,79,55,"7,171,646","113,632.60",63.113,38,"59,246",14,56.3
Arizona,PHOENIX,4/1/2020,SOD  ,33.43,-112,73,85,60,"7,171,646","113,633.60",63.112,38,"59,246",14,56.3
Arizona,PHOENIX,4/2/2020,SOD  ,33.43,-112,71,85,57,"7,171,646","113,634.60",63.111,38,"59,246",14,56.3
Arizona,PHOENIX,4/3/2020,SOD  ,33.43,-112,71,84,57,"7,171,646","113,635.60",63.111,38,"59,246",14,56.3
Arizona,PHOENIX,4/4/2020,SOD  ,33.43,-112,71,84,57,"7,171,646","113,636.60",63.11,38,"59,246",14,56.3
Arizona,PHOENIX,4/5/2020,SOD  ,33.43,-112,72,86,58,"7,171,646","113,637.60",63.11,38,"59,246",14,56.3
Arizona,PHOENIX,4/6/2020,SOD  ,33.43,-112,72,85,58,"7,171,646","113,638.60",63.109,38,"59,246",14,56.3
Arizona,PHOENIX,4/7/2020,SOD  ,33.43,-112,70,84,56,"7,171,646","113,639.60",63.109,38,"59,246",14,56.3
Arizona,PHOENIX,4/8/2020,SOD  ,33.43,-112,71,83,58,"7,171,646","113,640.60",63.108,38,"59,246",14,56.3
Arizona,PHOENIX,4/9/2020,SOD  ,33.43,-112,64,74,54,"7,171,646","113,641.60",63.108,38,"59,246",14,56.3
Arizona,PHOENIX,4/10/2020,SOD  ,33.43,-112,66,79,53,"7,171,646","113,642.60",63.107,38,"59,246",14,56.3
Arizona,PHOENIX,4/11/2020,SOD  ,33.43,-112,64,71,57,"7,171,646","113,643.60",63.106,38,"59,246",14,56.3
Arizona,PHOENIX,4/12/2020,SOD  ,33.43,-112,65,77,52,"7,171,646","113,644.60",63.106,38,"59,246",14,56.3
Arizona,PHOENIX,4/13/2020,SOD  ,33.43,-112,69,78,59,"7,171,646","113,645.60",63.105,38,"59,246",14,56.3
Arizona,PHOENIX,4/14/2020,SOD  ,33.43,-112,70,80,59,"7,171,646","113,646.60",63.105,38,"59,246",14,56.3
Arizona,PHOENIX,4/15/2020,SOD  ,33.43,-112,69,83,55,"7,171,646","113,647.60",63.104,38,"59,246",14,56.3
Arizona,PHOENIX,4/16/2020,SOD  ,33.43,-112,71,86,56,"7,171,646","113,648.60",63.104,38,"59,246",14,56.3
Arizona,PHOENIX,4/17/2020,SOD  ,33.43,-112,74,89,58,"7,171,646","113,649.60",63.103,38,"59,246",14,56.3
Arizona,PHOENIX,4/18/2020,SOD  ,33.43,-112,69,80,58,"7,171,646","113,650.60",63.103,38,"59,246",14,56.3
Arizona,PHOENIX,4/19/2020,SOD  ,33.43,-112,71,83,59,"7,171,646","113,651.60",63.102,38,"59,246",14,56.3
Arizona,PHOENIX,4/20/2020,SOD  ,33.43,-112,75,87,62,"7,171,646","113,652.60",63.101,38,"59,246",14,56.3
Arizona,PHOENIX,4/21/2020,SOD  ,33.43,-112,73,83,63,"7,171,646","113,653.60",63.101,38,"59,246",14,56.3
Arizona,PHOENIX,4/22/2020,SOD  ,33.43,-112,76,91,61,"7,171,646","113,654.60",63.1,38,"59,246",14,56.3
Arizona,PHOENIX,4/23/2020,SOD  ,33.43,-112,74.9,87.4,62.4,"7,171,646","113,560.60",63.153,38,"59,246",14,56.3
Arizona,PHOENIX,4/24/2020,SOD  ,33.43,-112,75.2,87.7,62.7,"7,171,646","113,561.60",63.152,38,"59,246",14,56.3
Arizona,PHOENIX,4/25/2020,SOD  ,33.43,-112,75.6,88.1,63.1,"7,171,646","113,562.60",63.151,38,"59,246",14,56.3
Arizona,PHOENIX,4/26/2020,SOD  ,33.43,-112,75.9,88.4,63.4,"7,171,646","113,563.60",63.151,38,"59,246",14,56.3
Arizona,PHOENIX,4/27/2020,SOD  ,33.43,-112,76.2,88.7,63.7,"7,171,646","113,564.60",63.15,38,"59,246",14,56.3
Arizona,PHOENIX,4/28/2020,SOD  ,33.43,-112,76.5,89,64,"7,171,646","113,565.60",63.15,38,"59,246",14,56.3
Arizona,PHOENIX,4/29/2020,SOD  ,33.43,-112,76.8,89.3,64.4,"7,171,646","113,566.60",63.149,38,"59,246",14,56.3
Arizona,PHOENIX,4/30/2020,SOD  ,33.43,-112,77.2,89.6,64.7,"7,171,646","113,567.60",63.149,38,"59,246",14,56.3
Arizona,PHOENIX,5/1/2020,SOD  ,33.43,-112,77.5,89.9,65,"7,171,646","113,568.60",63.148,38,"59,246",14,56.3
Arizona,PHOENIX,5/2/2020,SOD  ,33.43,-112,77.8,90.3,65.4,"7,171,646","113,569.60",63.148,38,"59,246",14,56.3
Arizona,PHOENIX,5/3/2020,SOD  ,33.43,-112,78.1,90.6,65.7,"7,171,646","113,570.60",63.147,38,"59,246",14,56.3
Arizona,PHOENIX,5/4/2020,SOD  ,33.43,-112,78.4,90.9,66,"7,171,646","113,571.60",63.146,38,"59,246",14,56.3
Arizona,PHOENIX,5/5/2020,SOD  ,33.43,-112,78.8,91.2,66.3,"7,171,646","113,572.60",63.146,38,"59,246",14,56.3
Arizona,PHOENIX,5/6/2020,SOD  ,33.43,-112,79.1,91.5,66.6,"7,171,646","113,573.60",63.145,38,"59,246",14,56.3
Arizona,PHOENIX,5/7/2020,SOD  ,33.43,-112,79.4,91.9,66.9,"7,171,646","113,574.60",63.145,38,"59,246",14,56.3
Arizona,PHOENIX,5/8/2020,SOD  ,33.43,-112,79.7,92.2,67.2,"7,171,646","113,575.60",63.144,38,"59,246",14,56.3
Arizona,PHOENIX,5/9/2020,SOD  ,33.43,-112,80,92.5,67.5,"7,171,646","113,576.60",63.144,38,"59,246",14,56.3
Arizona,PHOENIX,5/10/2020,SOD  ,33.43,-112,80.3,92.8,67.8,"7,171,646","113,577.60",63.143,38,"59,246",14,56.3
Arizona,PHOENIX,5/11/2020,SOD  ,33.43,-112,80.6,93.2,68.1,"7,171,646","113,578.60",63.143,38,"59,246",14,56.3
Arizona,PHOENIX,5/12/2020,SOD  ,33.43,-112,80.9,93.5,68.4,"7,171,646","113,579.60",63.142,38,"59,246",14,56.3
Arizona,PHOENIX,5/13/2020,SOD  ,33.43,-112,81.2,93.8,68.7,"7,171,646","113,580.60",63.141,38,"59,246",14,56.3
Arizona,PHOENIX,5/14/2020,SOD  ,33.43,-112,81.5,94.1,69,"7,171,646","113,581.60",63.141,38,"59,246",14,56.3
California,LOS ANGELES,1/22/2020,SOD  ,33.94,-118.39,58,64,51,"39,557,045","155,751.40",253.976,36.7,"75,277",12.8,60
California,LOS ANGELES,1/23/2020,SOD  ,33.94,-118.39,60,69,51,"39,557,045","155,752.40",253.974,36.7,"75,277",12.8,60
California,LOS ANGELES,1/24/2020,SOD  ,33.94,-118.39,62,72,51,"39,557,045","155,753.40",253.972,36.7,"75,277",12.8,60
California,LOS ANGELES,1/25/2020,SOD  ,33.94,-118.39,58,65,50,"39,557,045","155,754.40",253.971,36.7,"75,277",12.8,60
California,LOS ANGELES,1/26/2020,SOD  ,33.94,-118.39,59,62,56,"39,557,045","155,755.40",253.969,36.7,"75,277",12.8,60
California,LOS ANGELES,1/27/2020,SOD  ,33.94,-118.39,60,70,50,"39,557,045","155,756.40",253.967,36.7,"75,277",12.8,60
California,LOS ANGELES,1/28/2020,SOD  ,33.94,-118.39,63,72,54,"39,557,045","155,757.40",253.966,36.7,"75,277",12.8,60
California,LOS ANGELES,1/29/2020,SOD  ,33.94,-118.39,70,78,62,"39,557,045","155,758.40",253.964,36.7,"75,277",12.8,60
California,LOS ANGELES,1/30/2020,SOD  ,33.94,-118.39,63,73,52,"39,557,045","155,759.40",253.962,36.7,"75,277",12.8,60
California,LOS ANGELES,1/31/2020,SOD  ,33.94,-118.39,66,81,51,"39,557,045","155,760.40",253.961,36.7,"75,277",12.8,60
California,LOS ANGELES,2/1/2020,SOD  ,33.94,-118.39,69,81,57,"39,557,045","155,761.40",253.959,36.7,"75,277",12.8,60
California,LOS ANGELES,2/2/2020,SOD  ,33.94,-118.39,60,67,53,"39,557,045","155,762.40",253.958,36.7,"75,277",12.8,60
California,LOS ANGELES,2/3/2020,SOD  ,33.94,-118.39,57,63,50,"39,557,045","155,763.40",253.956,36.7,"75,277",12.8,60
California,LOS ANGELES,2/4/2020,SOD  ,33.94,-118.39,52,60,44,"39,557,045","155,764.40",253.954,36.7,"75,277",12.8,60
California,LOS ANGELES,2/5/2020,SOD  ,33.94,-118.39,53,62,44,"39,557,045","155,765.40",253.953,36.7,"75,277",12.8,60
California,LOS ANGELES,2/6/2020,SOD  ,33.94,-118.39,55,64,45,"39,557,045","155,766.40",253.951,36.7,"75,277",12.8,60
California,LOS ANGELES,2/7/2020,SOD  ,33.94,-118.39,56,64,48,"39,557,045","155,767.40",253.949,36.7,"75,277",12.8,60
California,LOS ANGELES,2/8/2020,SOD  ,33.94,-118.39,57,64,50,"39,557,045","155,768.40",253.948,36.7,"75,277",12.8,60
California,LOS ANGELES,2/9/2020,SOD  ,33.94,-118.39,59,63,55,"39,557,045","155,769.40",253.946,36.7,"75,277",12.8,60
California,LOS ANGELES,2/10/2020,SOD  ,33.94,-118.39,66,77,54,"39,557,045","155,770.40",253.945,36.7,"75,277",12.8,60
California,LOS ANGELES,2/11/2020,SOD  ,33.94,-118.39,62,73,50,"39,557,045","155,771.40",253.943,36.7,"75,277",12.8,60
California,LOS ANGELES,2/12/2020,SOD  ,33.94,-118.39,58,66,49,"39,557,045","155,772.40",253.941,36.7,"75,277",12.8,60
California,LOS ANGELES,2/13/2020,SOD  ,33.94,-118.39,59,66,51,"39,557,045","155,773.40",253.94,36.7,"75,277",12.8,60
California,LOS ANGELES,2/14/2020,SOD  ,33.94,-118.39,58,66,50,"39,557,045","155,774.40",253.938,36.7,"75,277",12.8,60
California,LOS ANGELES,2/15/2020,SOD  ,33.94,-118.39,57,65,48,"39,557,045","155,775.40",253.936,36.7,"75,277",12.8,60
California,LOS ANGELES,2/16/2020,SOD  ,33.94,-118.39,59,67,51,"39,557,045","155,776.40",253.935,36.7,"75,277",12.8,60
California,LOS ANGELES,2/17/2020,SOD  ,33.94,-118.39,58,65,50,"39,557,045","155,777.40",253.933,36.7,"75,277",12.8,60
California,LOS ANGELES,2/18/2020,SOD  ,33.94,-118.39,62,68,55,"39,557,045","155,778.40",253.932,36.7,"75,277",12.8,60
California,LOS ANGELES,2/19/2020,SOD  ,33.94,-118.39,62,66,58,"39,557,045","155,779.40",253.93,36.7,"75,277",12.8,60
California,LOS ANGELES,2/20/2020,SOD  ,33.94,-118.39,65,77,53,"39,557,045","155,780.40",253.928,36.7,"75,277",12.8,60
California,LOS ANGELES,2/21/2020,SOD  ,33.94,-118.39,67,78,56,"39,557,045","155,781.40",253.927,36.7,"75,277",12.8,60
California,LOS ANGELES,2/22/2020,SOD  ,33.94,-118.39,62,66,57,"39,557,045","155,782.40",253.925,36.7,"75,277",12.8,60
California,LOS ANGELES,2/23/2020,SOD  ,33.94,-118.39,60,65,55,"39,557,045","155,783.40",253.923,36.7,"75,277",12.8,60
California,LOS ANGELES,2/24/2020,SOD  ,33.94,-118.39,59,66,51,"39,557,045","155,784.40",253.922,36.7,"75,277",12.8,60
California,LOS ANGELES,2/25/2020,SOD  ,33.94,-118.39,65,79,51,"39,557,045","155,785.40",253.92,36.7,"75,277",12.8,60
California,LOS ANGELES,2/26/2020,SOD  ,33.94,-118.39,68,81,55,"39,557,045","155,786.40",253.918,36.7,"75,277",12.8,60
California,LOS ANGELES,2/27/2020,SOD  ,33.94,-118.39,72,85,58,"39,557,045","155,787.40",253.917,36.7,"75,277",12.8,60
California,LOS ANGELES,2/28/2020,SOD  ,33.94,-118.39,75,87,62,"39,557,045","155,788.40",253.915,36.7,"75,277",12.8,60
California,LOS ANGELES,2/29/2020,SOD  ,33.94,-118.39,65,72,57,"39,557,045","155,789.40",253.914,36.7,"75,277",12.8,60
California,LOS ANGELES,3/1/2020,SOD  ,33.94,-118.39,58,63,53,"39,557,045","155,790.40",253.912,36.7,"75,277",12.8,60
California,LOS ANGELES,3/2/2020,SOD  ,33.94,-118.39,64,76,51,"39,557,045","155,791.40",253.91,36.7,"75,277",12.8,60
California,LOS ANGELES,3/3/2020,SOD  ,33.94,-118.39,70,80,59,"39,557,045","155,792.40",253.909,36.7,"75,277",12.8,60
California,LOS ANGELES,3/4/2020,SOD  ,33.94,-118.39,64,73,55,"39,557,045","155,793.40",253.907,36.7,"75,277",12.8,60
California,LOS ANGELES,3/5/2020,SOD  ,33.94,-118.39,62,67,56,"39,557,045","155,794.40",253.905,36.7,"75,277",12.8,60
California,LOS ANGELES,3/6/2020,SOD  ,33.94,-118.39,61,67,54,"39,557,045","155,795.40",253.904,36.7,"75,277",12.8,60
California,LOS ANGELES,3/7/2020,SOD  ,33.94,-118.39,61,65,56,"39,557,045","155,796.40",253.902,36.7,"75,277",12.8,60
California,LOS ANGELES,3/8/2020,SOD  ,33.94,-118.39,58,64,52,"39,557,045","155,797.40",253.901,36.7,"75,277",12.8,60
California,LOS ANGELES,3/9/2020,SOD  ,33.94,-118.39,62,73,51,"39,557,045","155,798.40",253.899,36.7,"75,277",12.8,60
California,LOS ANGELES,3/10/2020,SOD  ,33.94,-118.39,63,67,58,"39,557,045","155,799.40",253.897,36.7,"75,277",12.8,60
California,LOS ANGELES,3/11/2020,SOD  ,33.94,-118.39,65,70,59,"39,557,045","155,800.40",253.896,36.7,"75,277",12.8,60
California,LOS ANGELES,3/12/2020,SOD  ,33.94,-118.39,59,62,56,"39,557,045","155,801.40",253.894,36.7,"75,277",12.8,60
California,LOS ANGELES,3/13/2020,SOD  ,33.94,-118.39,57,60,54,"39,557,045","155,802.40",253.892,36.7,"75,277",12.8,60
California,LOS ANGELES,3/14/2020,SOD  ,33.94,-118.39,60,62,57,"39,557,045","155,803.40",253.891,36.7,"75,277",12.8,60
California,LOS ANGELES,3/15/2020,SOD  ,33.94,-118.39,60,65,54,"39,557,045","155,804.40",253.889,36.7,"75,277",12.8,60
California,LOS ANGELES,3/16/2020,SOD  ,33.94,-118.39,58,64,52,"39,557,045","155,805.40",253.888,36.7,"75,277",12.8,60
California,LOS ANGELES,3/17/2020,SOD  ,33.94,-118.39,54,61,47,"39,557,045","155,806.40",253.886,36.7,"75,277",12.8,60
California,LOS ANGELES,3/18/2020,SOD  ,33.94,-118.39,56,64,48,"39,557,045","155,807.40",253.884,36.7,"75,277",12.8,60
California,LOS ANGELES,3/19/2020,SOD  ,33.94,-118.39,57,62,52,"39,557,045","155,808.40",253.883,36.7,"75,277",12.8,60
California,LOS ANGELES,3/20/2020,SOD  ,33.94,-118.39,59,66,51,"39,557,045","155,809.40",253.881,36.7,"75,277",12.8,60
California,LOS ANGELES,3/21/2020,SOD  ,33.94,-118.39,61,66,55,"39,557,045","155,810.40",253.879,36.7,"75,277",12.8,60
California,LOS ANGELES,3/22/2020,SOD  ,33.94,-118.39,61,70,52,"39,557,045","155,811.40",253.878,36.7,"75,277",12.8,60
California,LOS ANGELES,3/23/2020,SOD  ,33.94,-118.39,61,65,57,"39,557,045","155,812.40",253.876,36.7,"75,277",12.8,60
California,LOS ANGELES,3/24/2020,SOD  ,33.94,-118.39,59,65,53,"39,557,045","155,813.40",253.874,36.7,"75,277",12.8,60
California,LOS ANGELES,3/25/2020,SOD  ,33.94,-118.39,59,63,54,"39,557,045","155,814.40",253.873,36.7,"75,277",12.8,60
California,LOS ANGELES,3/26/2020,SOD  ,33.94,-118.39,56,62,49,"39,557,045","155,815.40",253.871,36.7,"75,277",12.8,60
California,LOS ANGELES,3/27/2020,SOD  ,33.94,-118.39,58,64,51,"39,557,045","155,816.40",253.87,36.7,"75,277",12.8,60
California,LOS ANGELES,3/28/2020,SOD  ,33.94,-118.39,58,65,50,"39,557,045","155,817.40",253.868,36.7,"75,277",12.8,60
California,LOS ANGELES,3/29/2020,SOD  ,33.94,-118.39,59,66,51,"39,557,045","155,818.40",253.866,36.7,"75,277",12.8,60
California,LOS ANGELES,3/30/2020,SOD  ,33.94,-118.39,61,70,52,"39,557,045","155,819.40",253.865,36.7,"75,277",12.8,60
California,LOS ANGELES,3/31/2020,SOD  ,33.94,-118.39,64,72,55,"39,557,045","155,820.40",253.863,36.7,"75,277",12.8,60
California,LOS ANGELES,4/1/2020,SOD  ,33.94,-118.39,63,69,57,"39,557,045","155,821.40",253.861,36.7,"75,277",12.8,60
California,LOS ANGELES,4/2/2020,SOD  ,33.94,-118.39,64,69,59,"39,557,045","155,822.40",253.86,36.7,"75,277",12.8,60
California,LOS ANGELES,4/3/2020,SOD  ,33.94,-118.39,61,67,54,"39,557,045","155,823.40",253.858,36.7,"75,277",12.8,60
California,LOS ANGELES,4/4/2020,SOD  ,33.94,-118.39,61,67,55,"39,557,045","155,824.40",253.857,36.7,"75,277",12.8,60
California,LOS ANGELES,4/5/2020,SOD  ,33.94,-118.39,61,65,57,"39,557,045","155,825.40",253.855,36.7,"75,277",12.8,60
California,LOS ANGELES,4/6/2020,SOD  ,33.94,-118.39,59,62,56,"39,557,045","155,826.40",253.853,36.7,"75,277",12.8,60
California,LOS ANGELES,4/7/2020,SOD  ,33.94,-118.39,60,66,53,"39,557,045","155,827.40",253.852,36.7,"75,277",12.8,60
California,LOS ANGELES,4/8/2020,SOD  ,33.94,-118.39,57,62,51,"39,557,045","155,828.40",253.85,36.7,"75,277",12.8,60
California,LOS ANGELES,4/9/2020,SOD  ,33.94,-118.39,54,57,51,"39,557,045","155,829.40",253.848,36.7,"75,277",12.8,60
California,LOS ANGELES,4/10/2020,SOD  ,33.94,-118.39,60,67,52,"39,557,045","155,830.40",253.847,36.7,"75,277",12.8,60
California,LOS ANGELES,4/11/2020,SOD  ,33.94,-118.39,60,68,51,"39,557,045","155,831.40",253.845,36.7,"75,277",12.8,60
California,LOS ANGELES,4/12/2020,SOD  ,33.94,-118.39,61,62,59,"39,557,045","155,832.40",253.844,36.7,"75,277",12.8,60
California,LOS ANGELES,4/13/2020,SOD  ,33.94,-118.39,61,65,57,"39,557,045","155,833.40",253.842,36.7,"75,277",12.8,60
California,LOS ANGELES,4/14/2020,SOD  ,33.94,-118.39,61,67,55,"39,557,045","155,834.40",253.84,36.7,"75,277",12.8,60
California,LOS ANGELES,4/15/2020,SOD  ,33.94,-118.39,67,79,55,"39,557,045","155,835.40",253.839,36.7,"75,277",12.8,60
California,LOS ANGELES,4/16/2020,SOD  ,33.94,-118.39,63,70,55,"39,557,045","155,836.40",253.837,36.7,"75,277",12.8,60
California,LOS ANGELES,4/17/2020,SOD  ,33.94,-118.39,63,67,58,"39,557,045","155,837.40",253.835,36.7,"75,277",12.8,60
California,LOS ANGELES,4/18/2020,SOD  ,33.94,-118.39,64,67,60,"39,557,045","155,838.40",253.834,36.7,"75,277",12.8,60
California,LOS ANGELES,4/19/2020,SOD  ,33.94,-118.39,63,67,59,"39,557,045","155,839.40",253.832,36.7,"75,277",12.8,60
California,LOS ANGELES,4/20/2020,SOD  ,33.94,-118.39,62,67,57,"39,557,045","155,840.40",253.83,36.7,"75,277",12.8,60
California,LOS ANGELES,4/21/2020,SOD  ,33.94,-118.39,64,70,57,"39,557,045","155,841.40",253.829,36.7,"75,277",12.8,60
California,LOS ANGELES,4/22/2020,SOD  ,33.94,-118.39,69,81,57,"39,557,045","155,842.40",253.827,36.7,"75,277",12.8,60
California,LOS ANGELES,4/23/2020,SOD  ,33.94,-118.39,60.9,67.1,54.6,"39,557,045","155,751.40",253.976,36.7,"75,277",12.8,60
California,LOS ANGELES,4/24/2020,SOD  ,33.94,-118.39,61,67.2,54.7,"39,557,045","155,752.40",253.974,36.7,"75,277",12.8,60
California,LOS ANGELES,4/25/2020,SOD  ,33.94,-118.39,61.1,67.3,54.9,"39,557,045","155,753.40",253.972,36.7,"75,277",12.8,60
California,LOS ANGELES,4/26/2020,SOD  ,33.94,-118.39,61.2,67.3,55,"39,557,045","155,754.40",253.971,36.7,"75,277",12.8,60
California,LOS ANGELES,4/27/2020,SOD  ,33.94,-118.39,61.3,67.4,55.1,"39,557,045","155,755.40",253.969,36.7,"75,277",12.8,60
California,LOS ANGELES,4/28/2020,SOD  ,33.94,-118.39,61.4,67.5,55.3,"39,557,045","155,756.40",253.967,36.7,"75,277",12.8,60
California,LOS ANGELES,4/29/2020,SOD  ,33.94,-118.39,61.5,67.5,55.4,"39,557,045","155,757.40",253.966,36.7,"75,277",12.8,60
California,LOS ANGELES,4/30/2020,SOD  ,33.94,-118.39,61.6,67.6,55.5,"39,557,045","155,758.40",253.964,36.7,"75,277",12.8,60
California,LOS ANGELES,5/1/2020,SOD  ,33.94,-118.39,61.7,67.6,55.7,"39,557,045","155,759.40",253.962,36.7,"75,277",12.8,60
California,LOS ANGELES,5/2/2020,SOD  ,33.94,-118.39,61.7,67.7,55.8,"39,557,045","155,760.40",253.961,36.7,"75,277",12.8,60
California,LOS ANGELES,5/3/2020,SOD  ,33.94,-118.39,61.8,67.7,55.9,"39,557,045","155,761.40",253.959,36.7,"75,277",12.8,60
California,LOS ANGELES,5/4/2020,SOD  ,33.94,-118.39,61.9,67.8,56,"39,557,045","155,762.40",253.958,36.7,"75,277",12.8,60
California,LOS ANGELES,5/5/2020,SOD  ,33.94,-118.39,62,67.8,56.2,"39,557,045","155,763.40",253.956,36.7,"75,277",12.8,60
California,LOS ANGELES,5/6/2020,SOD  ,33.94,-118.39,62.1,67.9,56.3,"39,557,045","155,764.40",253.954,36.7,"75,277",12.8,60
California,LOS ANGELES,5/7/2020,SOD  ,33.94,-118.39,62.1,67.9,56.4,"39,557,045","155,765.40",253.953,36.7,"75,277",12.8,60
California,LOS ANGELES,5/8/2020,SOD  ,33.94,-118.39,62.2,67.9,56.5,"39,557,045","155,766.40",253.951,36.7,"75,277",12.8,60
California,LOS ANGELES,5/9/2020,SOD  ,33.94,-118.39,62.3,67.9,56.6,"39,557,045","155,767.40",253.949,36.7,"75,277",12.8,60
California,LOS ANGELES,5/10/2020,SOD  ,33.94,-118.39,62.4,68,56.7,"39,557,045","155,768.40",253.948,36.7,"75,277",12.8,60
California,LOS ANGELES,5/11/2020,SOD  ,33.94,-118.39,62.4,68,56.9,"39,557,045","155,769.40",253.946,36.7,"75,277",12.8,60
California,LOS ANGELES,5/12/2020,SOD  ,33.94,-118.39,62.5,68,57,"39,557,045","155,770.40",253.945,36.7,"75,277",12.8,60
California,LOS ANGELES,5/13/2020,SOD  ,33.94,-118.39,62.5,68,57.1,"39,557,045","155,771.40",253.943,36.7,"75,277",12.8,60
California,LOS ANGELES,5/14/2020,SOD  ,33.94,-118.39,62.6,68,57.2,"39,557,045","155,772.40",253.941,36.7,"75,277",12.8,60
Colorado,DENVER,1/22/2020,SOD  ,39.84,-104.65,42,54,30,"5,695,564","103,615.70",54.968,36.9,"71,953",9.6,65.3
Colorado,DENVER,1/23/2020,SOD  ,39.84,-104.65,35,42,27,"5,695,564","103,616.70",54.968,36.9,"71,953",9.6,65.3
Colorado,DENVER,1/24/2020,SOD  ,39.84,-104.65,38,57,19,"5,695,564","103,617.70",54.967,36.9,"71,953",9.6,65.3
Colorado,DENVER,1/25/2020,SOD  ,39.84,-104.65,42,54,30,"5,695,564","103,618.70",54.967,36.9,"71,953",9.6,65.3
Colorado,DENVER,1/26/2020,SOD  ,39.84,-104.65,38,53,23,"5,695,564","103,619.70",54.966,36.9,"71,953",9.6,65.3
Colorado,DENVER,1/27/2020,SOD  ,39.84,-104.65,33,41,24,"5,695,564","103,620.70",54.966,36.9,"71,953",9.6,65.3
Colorado,DENVER,1/28/2020,SOD  ,39.84,-104.65,32,41,22,"5,695,564","103,621.70",54.965,36.9,"71,953",9.6,65.3
Colorado,DENVER,1/29/2020,SOD  ,39.84,-104.65,33,41,24,"5,695,564","103,622.70",54.964,36.9,"71,953",9.6,65.3
Colorado,DENVER,1/30/2020,SOD  ,39.84,-104.65,30,40,20,"5,695,564","103,623.70",54.964,36.9,"71,953",9.6,65.3
Colorado,DENVER,1/31/2020,SOD  ,39.84,-104.65,37,53,20,"5,695,564","103,624.70",54.963,36.9,"71,953",9.6,65.3
Colorado,DENVER,2/1/2020,SOD  ,39.84,-104.65,51,67,34,"5,695,564","103,625.70",54.963,36.9,"71,953",9.6,65.3
Colorado,DENVER,2/2/2020,SOD  ,39.84,-104.65,52,74,29,"5,695,564","103,626.70",54.962,36.9,"71,953",9.6,65.3
Colorado,DENVER,2/3/2020,SOD  ,39.84,-104.65,21,30,12,"5,695,564","103,627.70",54.962,36.9,"71,953",9.6,65.3
Colorado,DENVER,2/4/2020,SOD  ,39.84,-104.65,6,17,-5,"5,695,564","103,628.70",54.961,36.9,"71,953",9.6,65.3
Colorado,DENVER,2/5/2020,SOD  ,39.84,-104.65,11,26,-5,"5,695,564","103,629.70",54.961,36.9,"71,953",9.6,65.3
Colorado,DENVER,2/6/2020,SOD  ,39.84,-104.65,27,37,16,"5,695,564","103,630.70",54.96,36.9,"71,953",9.6,65.3
Colorado,DENVER,2/7/2020,SOD  ,39.84,-104.65,24,28,19,"5,695,564","103,631.70",54.96,36.9,"71,953",9.6,65.3
Colorado,DENVER,2/8/2020,SOD  ,39.84,-104.65,30,47,13,"5,695,564","103,632.70",54.959,36.9,"71,953",9.6,65.3
Colorado,DENVER,2/9/2020,SOD  ,39.84,-104.65,21,33,8,"5,695,564","103,633.70",54.959,36.9,"71,953",9.6,65.3
Colorado,DENVER,2/10/2020,SOD  ,39.84,-104.65,19,30,8,"5,695,564","103,634.70",54.958,36.9,"71,953",9.6,65.3
Colorado,DENVER,2/11/2020,SOD  ,39.84,-104.65,18,32,3,"5,695,564","103,635.70",54.958,36.9,"71,953",9.6,65.3
Colorado,DENVER,2/12/2020,SOD  ,39.84,-104.65,26,33,19,"5,695,564","103,636.70",54.957,36.9,"71,953",9.6,65.3
Colorado,DENVER,2/13/2020,SOD  ,39.84,-104.65,17,26,8,"5,695,564","103,637.70",54.956,36.9,"71,953",9.6,65.3
Colorado,DENVER,2/14/2020,SOD  ,39.84,-104.65,32,56,7,"5,695,564","103,638.70",54.956,36.9,"71,953",9.6,65.3
Colorado,DENVER,2/15/2020,SOD  ,39.84,-104.65,27,37,17,"5,695,564","103,639.70",54.955,36.9,"71,953",9.6,65.3
Colorado,DENVER,2/16/2020,SOD  ,39.84,-104.65,35,48,22,"5,695,564","103,640.70",54.955,36.9,"71,953",9.6,65.3
Colorado,DENVER,2/17/2020,SOD  ,39.84,-104.65,29,37,21,"5,695,564","103,641.70",54.954,36.9,"71,953",9.6,65.3
Colorado,DENVER,2/18/2020,SOD  ,39.84,-104.65,25,33,16,"5,695,564","103,642.70",54.954,36.9,"71,953",9.6,65.3
Colorado,DENVER,2/19/2020,SOD  ,39.84,-104.65,17,21,13,"5,695,564","103,643.70",54.953,36.9,"71,953",9.6,65.3
Colorado,DENVER,2/20/2020,SOD  ,39.84,-104.65,17,31,3,"5,695,564","103,644.70",54.953,36.9,"71,953",9.6,65.3
Colorado,DENVER,2/21/2020,SOD  ,39.84,-104.65,31,46,16,"5,695,564","103,645.70",54.952,36.9,"71,953",9.6,65.3
Colorado,DENVER,2/22/2020,SOD  ,39.84,-104.65,40,50,29,"5,695,564","103,646.70",54.952,36.9,"71,953",9.6,65.3
Colorado,DENVER,2/23/2020,SOD  ,39.84,-104.65,36,42,29,"5,695,564","103,647.70",54.951,36.9,"71,953",9.6,65.3
Colorado,DENVER,2/24/2020,SOD  ,39.84,-104.65,35,42,28,"5,695,564","103,648.70",54.951,36.9,"71,953",9.6,65.3
Colorado,DENVER,2/25/2020,SOD  ,39.84,-104.65,22,30,14,"5,695,564","103,649.70",54.95,36.9,"71,953",9.6,65.3
Colorado,DENVER,2/26/2020,SOD  ,39.84,-104.65,26,41,10,"5,695,564","103,650.70",54.95,36.9,"71,953",9.6,65.3
Colorado,DENVER,2/27/2020,SOD  ,39.84,-104.65,38,49,27,"5,695,564","103,651.70",54.949,36.9,"71,953",9.6,65.3
Colorado,DENVER,2/28/2020,SOD  ,39.84,-104.65,44,56,31,"5,695,564","103,652.70",54.949,36.9,"71,953",9.6,65.3
Colorado,DENVER,2/29/2020,SOD  ,39.84,-104.65,45,58,32,"5,695,564","103,653.70",54.948,36.9,"71,953",9.6,65.3
Colorado,DENVER,3/1/2020,SOD  ,39.84,-104.65,35,44,26,"5,695,564","103,654.70",54.947,36.9,"71,953",9.6,65.3
Colorado,DENVER,3/2/2020,SOD  ,39.84,-104.65,34,51,17,"5,695,564","103,655.70",54.947,36.9,"71,953",9.6,65.3
Colorado,DENVER,3/3/2020,SOD  ,39.84,-104.65,43,60,26,"5,695,564","103,656.70",54.946,36.9,"71,953",9.6,65.3
Colorado,DENVER,3/4/2020,SOD  ,39.84,-104.65,47,65,29,"5,695,564","103,657.70",54.946,36.9,"71,953",9.6,65.3
Colorado,DENVER,3/5/2020,SOD  ,39.84,-104.65,38,53,22,"5,695,564","103,658.70",54.945,36.9,"71,953",9.6,65.3
Colorado,DENVER,3/6/2020,SOD  ,39.84,-104.65,48,68,27,"5,695,564","103,659.70",54.945,36.9,"71,953",9.6,65.3
Colorado,DENVER,3/7/2020,SOD  ,39.84,-104.65,53,68,38,"5,695,564","103,660.70",54.944,36.9,"71,953",9.6,65.3
Colorado,DENVER,3/8/2020,SOD  ,39.84,-104.65,53,68,38,"5,695,564","103,661.70",54.944,36.9,"71,953",9.6,65.3
Colorado,DENVER,3/9/2020,SOD  ,39.84,-104.65,48,59,37,"5,695,564","103,662.70",54.943,36.9,"71,953",9.6,65.3
Colorado,DENVER,3/10/2020,SOD  ,39.84,-104.65,48,63,32,"5,695,564","103,663.70",54.943,36.9,"71,953",9.6,65.3
Colorado,DENVER,3/11/2020,SOD  ,39.84,-104.65,50,68,32,"5,695,564","103,664.70",54.942,36.9,"71,953",9.6,65.3
Colorado,DENVER,3/12/2020,SOD  ,39.84,-104.65,44,53,34,"5,695,564","103,665.70",54.942,36.9,"71,953",9.6,65.3
Colorado,DENVER,3/13/2020,SOD  ,39.84,-104.65,34,40,28,"5,695,564","103,666.70",54.941,36.9,"71,953",9.6,65.3
Colorado,DENVER,3/14/2020,SOD  ,39.84,-104.65,39,49,28,"5,695,564","103,667.70",54.941,36.9,"71,953",9.6,65.3
Colorado,DENVER,3/15/2020,SOD  ,39.84,-104.65,46,59,32,"5,695,564","103,668.70",54.94,36.9,"71,953",9.6,65.3
Colorado,DENVER,3/16/2020,SOD  ,39.84,-104.65,45,59,30,"5,695,564","103,669.70",54.94,36.9,"71,953",9.6,65.3
Colorado,DENVER,3/17/2020,SOD  ,39.84,-104.65,46,59,33,"5,695,564","103,670.70",54.939,36.9,"71,953",9.6,65.3
Colorado,DENVER,3/18/2020,SOD  ,39.84,-104.65,50,67,32,"5,695,564","103,671.70",54.938,36.9,"71,953",9.6,65.3
Colorado,DENVER,3/19/2020,SOD  ,39.84,-104.65,32,41,22,"5,695,564","103,672.70",54.938,36.9,"71,953",9.6,65.3
Colorado,DENVER,3/20/2020,SOD  ,39.84,-104.65,23,30,16,"5,695,564","103,673.70",54.937,36.9,"71,953",9.6,65.3
Colorado,DENVER,3/21/2020,SOD  ,39.84,-104.65,28,44,11,"5,695,564","103,674.70",54.937,36.9,"71,953",9.6,65.3
Colorado,DENVER,3/22/2020,SOD  ,39.84,-104.65,42,52,31,"5,695,564","103,675.70",54.936,36.9,"71,953",9.6,65.3
Colorado,DENVER,3/23/2020,SOD  ,39.84,-104.65,45,58,32,"5,695,564","103,676.70",54.936,36.9,"71,953",9.6,65.3
Colorado,DENVER,3/24/2020,SOD  ,39.84,-104.65,47,63,30,"5,695,564","103,677.70",54.935,36.9,"71,953",9.6,65.3
Colorado,DENVER,3/25/2020,SOD  ,39.84,-104.65,52,67,36,"5,695,564","103,678.70",54.935,36.9,"71,953",9.6,65.3
Colorado,DENVER,3/26/2020,SOD  ,39.84,-104.65,42,52,32,"5,695,564","103,679.70",54.934,36.9,"71,953",9.6,65.3
Colorado,DENVER,3/27/2020,SOD  ,39.84,-104.65,37,44,29,"5,695,564","103,680.70",54.934,36.9,"71,953",9.6,65.3
Colorado,DENVER,3/28/2020,SOD  ,39.84,-104.65,40,51,28,"5,695,564","103,681.70",54.933,36.9,"71,953",9.6,65.3
Colorado,DENVER,3/29/2020,SOD  ,39.84,-104.65,41,55,27,"5,695,564","103,682.70",54.933,36.9,"71,953",9.6,65.3
Colorado,DENVER,3/30/2020,SOD  ,39.84,-104.65,46,58,33,"5,695,564","103,683.70",54.932,36.9,"71,953",9.6,65.3
Colorado,DENVER,3/31/2020,SOD  ,39.84,-104.65,49,67,31,"5,695,564","103,684.70",54.932,36.9,"71,953",9.6,65.3
Colorado,DENVER,4/1/2020,SOD  ,39.84,-104.65,53,69,36,"5,695,564","103,685.70",54.931,36.9,"71,953",9.6,65.3
Colorado,DENVER,4/2/2020,SOD  ,39.84,-104.65,27,37,16,"5,695,564","103,686.70",54.931,36.9,"71,953",9.6,65.3
Colorado,DENVER,4/3/2020,SOD  ,39.84,-104.65,29,43,15,"5,695,564","103,687.70",54.93,36.9,"71,953",9.6,65.3
Colorado,DENVER,4/4/2020,SOD  ,39.84,-104.65,42,59,24,"5,695,564","103,688.70",54.929,36.9,"71,953",9.6,65.3
Colorado,DENVER,4/5/2020,SOD  ,39.84,-104.65,52,70,34,"5,695,564","103,689.70",54.929,36.9,"71,953",9.6,65.3
Colorado,DENVER,4/6/2020,SOD  ,39.84,-104.65,57,73,40,"5,695,564","103,690.70",54.928,36.9,"71,953",9.6,65.3
Colorado,DENVER,4/7/2020,SOD  ,39.84,-104.65,57,73,41,"5,695,564","103,691.70",54.928,36.9,"71,953",9.6,65.3
Colorado,DENVER,4/8/2020,SOD  ,39.84,-104.65,52,69,35,"5,695,564","103,692.70",54.927,36.9,"71,953",9.6,65.3
Colorado,DENVER,4/9/2020,SOD  ,39.84,-104.65,45,58,31,"5,695,564","103,693.70",54.927,36.9,"71,953",9.6,65.3
Colorado,DENVER,4/10/2020,SOD  ,39.84,-104.65,55,73,37,"5,695,564","103,694.70",54.926,36.9,"71,953",9.6,65.3
Colorado,DENVER,4/11/2020,SOD  ,39.84,-104.65,52,70,34,"5,695,564","103,695.70",54.926,36.9,"71,953",9.6,65.3
Colorado,DENVER,4/12/2020,SOD  ,39.84,-104.65,NA,NA,19,"5,695,564","103,696.70",54.925,36.9,"71,953",9.6,65.3
Colorado,DENVER,4/13/2020,SOD  ,39.84,-104.65,20,25,15,"5,695,564","103,697.70",54.925,36.9,"71,953",9.6,65.3
Colorado,DENVER,4/14/2020,SOD  ,39.84,-104.65,29,46,11,"5,695,564","103,698.70",54.924,36.9,"71,953",9.6,65.3
Colorado,DENVER,4/15/2020,SOD  ,39.84,-104.65,38,54,22,"5,695,564","103,699.70",54.924,36.9,"71,953",9.6,65.3
Colorado,DENVER,4/16/2020,SOD  ,39.84,-104.65,26,32,19,"5,695,564","103,700.70",54.923,36.9,"71,953",9.6,65.3
Colorado,DENVER,4/17/2020,SOD  ,39.84,-104.65,34,56,12,"5,695,564","103,701.70",54.923,36.9,"71,953",9.6,65.3
Colorado,DENVER,4/18/2020,SOD  ,39.84,-104.65,46,58,33,"5,695,564","103,702.70",54.922,36.9,"71,953",9.6,65.3
Colorado,DENVER,4/19/2020,SOD  ,39.84,-104.65,49,63,34,"5,695,564","103,703.70",54.922,36.9,"71,953",9.6,65.3
Colorado,DENVER,4/20/2020,SOD  ,39.84,-104.65,49,65,32,"5,695,564","103,704.70",54.921,36.9,"71,953",9.6,65.3
Colorado,DENVER,4/21/2020,SOD  ,39.84,-104.65,54,69,38,"5,695,564","103,705.70",54.92,36.9,"71,953",9.6,65.3
Colorado,DENVER,4/22/2020,SOD  ,39.84,-104.65,54,67,41,"5,695,564","103,706.70",54.92,36.9,"71,953",9.6,65.3
Colorado,DENVER,4/23/2020,SOD  ,39.84,-104.65,49.2,63.3,35.1,"5,695,564","103,613.70",54.969,36.9,"71,953",9.6,65.3
Colorado,DENVER,4/24/2020,SOD  ,39.84,-104.65,49.5,63.6,35.4,"5,695,564","103,614.70",54.969,36.9,"71,953",9.6,65.3
Colorado,DENVER,4/25/2020,SOD  ,39.84,-104.65,49.8,63.9,35.7,"5,695,564","103,615.70",54.968,36.9,"71,953",9.6,65.3
Colorado,DENVER,4/26/2020,SOD  ,39.84,-104.65,50.1,64.2,36,"5,695,564","103,616.70",54.968,36.9,"71,953",9.6,65.3
Colorado,DENVER,4/27/2020,SOD  ,39.84,-104.65,50.4,64.6,36.3,"5,695,564","103,617.70",54.967,36.9,"71,953",9.6,65.3
Colorado,DENVER,4/28/2020,SOD  ,39.84,-104.65,50.7,64.9,36.6,"5,695,564","103,618.70",54.967,36.9,"71,953",9.6,65.3
Colorado,DENVER,4/29/2020,SOD  ,39.84,-104.65,51.1,65.2,36.9,"5,695,564","103,619.70",54.966,36.9,"71,953",9.6,65.3
Colorado,DENVER,4/30/2020,SOD  ,39.84,-104.65,51.4,65.6,37.2,"5,695,564","103,620.70",54.966,36.9,"71,953",9.6,65.3
Colorado,DENVER,5/1/2020,SOD  ,39.84,-104.65,51.8,65.9,37.6,"5,695,564","103,621.70",54.965,36.9,"71,953",9.6,65.3
Colorado,DENVER,5/2/2020,SOD  ,39.84,-104.65,52.1,66.3,37.9,"5,695,564","103,622.70",54.964,36.9,"71,953",9.6,65.3
Colorado,DENVER,5/3/2020,SOD  ,39.84,-104.65,52.5,66.7,38.2,"5,695,564","103,623.70",54.964,36.9,"71,953",9.6,65.3
Colorado,DENVER,5/4/2020,SOD  ,39.84,-104.65,52.8,67,38.6,"5,695,564","103,624.70",54.963,36.9,"71,953",9.6,65.3
Colorado,DENVER,5/5/2020,SOD  ,39.84,-104.65,53.2,67.4,38.9,"5,695,564","103,625.70",54.963,36.9,"71,953",9.6,65.3
Colorado,DENVER,5/6/2020,SOD  ,39.84,-104.65,53.5,67.8,39.3,"5,695,564","103,626.70",54.962,36.9,"71,953",9.6,65.3
Colorado,DENVER,5/7/2020,SOD  ,39.84,-104.65,53.9,68.1,39.6,"5,695,564","103,627.70",54.962,36.9,"71,953",9.6,65.3
Colorado,DENVER,5/8/2020,SOD  ,39.84,-104.65,54.2,68.5,40,"5,695,564","103,628.70",54.961,36.9,"71,953",9.6,65.3
Colorado,DENVER,5/9/2020,SOD  ,39.84,-104.65,54.6,68.9,40.3,"5,695,564","103,629.70",54.961,36.9,"71,953",9.6,65.3
Colorado,DENVER,5/10/2020,SOD  ,39.84,-104.65,55,69.3,40.7,"5,695,564","103,630.70",54.96,36.9,"71,953",9.6,65.3
Colorado,DENVER,5/11/2020,SOD  ,39.84,-104.65,55.3,69.7,41,"5,695,564","103,631.70",54.96,36.9,"71,953",9.6,65.3
Colorado,DENVER,5/12/2020,SOD  ,39.84,-104.65,55.7,70,41.4,"5,695,564","103,632.70",54.959,36.9,"71,953",9.6,65.3
Colorado,DENVER,5/13/2020,SOD  ,39.84,-104.65,56.1,70.4,41.7,"5,695,564","103,633.70",54.959,36.9,"71,953",9.6,65.3
Colorado,DENVER,5/14/2020,SOD  ,39.84,-104.65,56.4,70.8,42.1,"5,695,564","103,634.70",54.958,36.9,"71,953",9.6,65.3
Nevada,LAS VEGAS,1/22/2020,SOD  ,36.21,-115.2,51,61,41,"3,034,392","109,754.10",27.647,38.2,"58,646",12.9,59.7
Nevada,LAS VEGAS,1/23/2020,SOD  ,36.21,-115.2,55,67,43,"3,034,392","109,755.10",27.647,38.2,"58,646",12.9,59.7
Nevada,LAS VEGAS,1/24/2020,SOD  ,36.21,-115.2,55,66,43,"3,034,392","109,756.10",27.647,38.2,"58,646",12.9,59.7
Nevada,LAS VEGAS,1/25/2020,SOD  ,36.21,-115.2,55,67,43,"3,034,392","109,757.10",27.646,38.2,"58,646",12.9,59.7
Nevada,LAS VEGAS,1/26/2020,SOD  ,36.21,-115.2,54,65,43,"3,034,392","109,758.10",27.646,38.2,"58,646",12.9,59.7
Nevada,LAS VEGAS,1/27/2020,SOD  ,36.21,-115.2,59,69,49,"3,034,392","109,759.10",27.646,38.2,"58,646",12.9,59.7
Nevada,LAS VEGAS,1/28/2020,SOD  ,36.21,-115.2,54,63,44,"3,034,392","109,760.10",27.646,38.2,"58,646",12.9,59.7
Nevada,LAS VEGAS,1/29/2020,SOD  ,36.21,-115.2,56,65,46,"3,034,392","109,761.10",27.645,38.2,"58,646",12.9,59.7
Nevada,LAS VEGAS,1/30/2020,SOD  ,36.21,-115.2,54,64,43,"3,034,392","109,762.10",27.645,38.2,"58,646",12.9,59.7
Nevada,LAS VEGAS,1/31/2020,SOD  ,36.21,-115.2,53,65,41,"3,034,392","109,763.10",27.645,38.2,"58,646",12.9,59.7
Nevada,LAS VEGAS,2/1/2020,SOD  ,36.21,-115.2,56,70,42,"3,034,392","109,764.10",27.645,38.2,"58,646",12.9,59.7
Nevada,LAS VEGAS,2/2/2020,SOD  ,36.21,-115.2,59,76,41,"3,034,392","109,765.10",27.644,38.2,"58,646",12.9,59.7
Nevada,LAS VEGAS,2/3/2020,SOD  ,36.21,-115.2,45,52,38,"3,034,392","109,766.10",27.644,38.2,"58,646",12.9,59.7
Nevada,LAS VEGAS,2/4/2020,SOD  ,36.21,-115.2,43,50,36,"3,034,392","109,767.10",27.644,38.2,"58,646",12.9,59.7
Nevada,LAS VEGAS,2/5/2020,SOD  ,36.21,-115.2,43,51,34,"3,034,392","109,768.10",27.644,38.2,"58,646",12.9,59.7
Nevada,LAS VEGAS,2/6/2020,SOD  ,36.21,-115.2,50,63,36,"3,034,392","109,769.10",27.643,38.2,"58,646",12.9,59.7
Nevada,LAS VEGAS,2/7/2020,SOD  ,36.21,-115.2,55,68,41,"3,034,392","109,770.10",27.643,38.2,"58,646",12.9,59.7
Nevada,LAS VEGAS,2/8/2020,SOD  ,36.21,-115.2,54,68,40,"3,034,392","109,771.10",27.643,38.2,"58,646",12.9,59.7
Nevada,LAS VEGAS,2/9/2020,SOD  ,36.21,-115.2,52,57,46,"3,034,392","109,772.10",27.643,38.2,"58,646",12.9,59.7
Nevada,LAS VEGAS,2/10/2020,SOD  ,36.21,-115.2,55,65,45,"3,034,392","109,773.10",27.642,38.2,"58,646",12.9,59.7
Nevada,LAS VEGAS,2/11/2020,SOD  ,36.21,-115.2,52,61,43,"3,034,392","109,774.10",27.642,38.2,"58,646",12.9,59.7
Nevada,LAS VEGAS,2/12/2020,SOD  ,36.21,-115.2,51,63,38,"3,034,392","109,775.10",27.642,38.2,"58,646",12.9,59.7
Nevada,LAS VEGAS,2/13/2020,SOD  ,36.21,-115.2,51,64,37,"3,034,392","109,776.10",27.642,38.2,"58,646",12.9,59.7
Nevada,LAS VEGAS,2/14/2020,SOD  ,36.21,-115.2,52,66,38,"3,034,392","109,777.10",27.641,38.2,"58,646",12.9,59.7
Nevada,LAS VEGAS,2/15/2020,SOD  ,36.21,-115.2,54,66,41,"3,034,392","109,778.10",27.641,38.2,"58,646",12.9,59.7
Nevada,LAS VEGAS,2/16/2020,SOD  ,36.21,-115.2,57,69,44,"3,034,392","109,779.10",27.641,38.2,"58,646",12.9,59.7
Nevada,LAS VEGAS,2/17/2020,SOD  ,36.21,-115.2,62,73,50,"3,034,392","109,780.10",27.641,38.2,"58,646",12.9,59.7
Nevada,LAS VEGAS,2/18/2020,SOD  ,36.21,-115.2,54,62,45,"3,034,392","109,781.10",27.64,38.2,"58,646",12.9,59.7
Nevada,LAS VEGAS,2/19/2020,SOD  ,36.21,-115.2,53,66,40,"3,034,392","109,782.10",27.64,38.2,"58,646",12.9,59.7
Nevada,LAS VEGAS,2/20/2020,SOD  ,36.21,-115.2,54,66,41,"3,034,392","109,783.10",27.64,38.2,"58,646",12.9,59.7
Nevada,LAS VEGAS,2/21/2020,SOD  ,36.21,-115.2,56,70,42,"3,034,392","109,784.10",27.64,38.2,"58,646",12.9,59.7
Nevada,LAS VEGAS,2/22/2020,SOD  ,36.21,-115.2,55,60,50,"3,034,392","109,785.10",27.639,38.2,"58,646",12.9,59.7
Nevada,LAS VEGAS,2/23/2020,SOD  ,36.21,-115.2,60,70,49,"3,034,392","109,786.10",27.639,38.2,"58,646",12.9,59.7
Nevada,LAS VEGAS,2/24/2020,SOD  ,36.21,-115.2,60,72,47,"3,034,392","109,787.10",27.639,38.2,"58,646",12.9,59.7
Nevada,LAS VEGAS,2/25/2020,SOD  ,36.21,-115.2,53,59,47,"3,034,392","109,788.10",27.639,38.2,"58,646",12.9,59.7
Nevada,LAS VEGAS,2/26/2020,SOD  ,36.21,-115.2,51,63,38,"3,034,392","109,789.10",27.638,38.2,"58,646",12.9,59.7
Nevada,LAS VEGAS,2/27/2020,SOD  ,36.21,-115.2,56,71,41,"3,034,392","109,790.10",27.638,38.2,"58,646",12.9,59.7
Nevada,LAS VEGAS,2/28/2020,SOD  ,36.21,-115.2,60,70,49,"3,034,392","109,791.10",27.638,38.2,"58,646",12.9,59.7
Nevada,LAS VEGAS,2/29/2020,SOD  ,36.21,-115.2,57,67,47,"3,034,392","109,792.10",27.638,38.2,"58,646",12.9,59.7
Nevada,LAS VEGAS,3/1/2020,SOD  ,36.21,-115.2,57,67,47,"3,034,392","109,793.10",27.637,38.2,"58,646",12.9,59.7
Nevada,LAS VEGAS,3/2/2020,SOD  ,36.21,-115.2,54,63,45,"3,034,392","109,794.10",27.637,38.2,"58,646",12.9,59.7
Nevada,LAS VEGAS,3/3/2020,SOD  ,36.21,-115.2,63,73,52,"3,034,392","109,795.10",27.637,38.2,"58,646",12.9,59.7
Nevada,LAS VEGAS,3/4/2020,SOD  ,36.21,-115.2,62,73,50,"3,034,392","109,796.10",27.637,38.2,"58,646",12.9,59.7
Nevada,LAS VEGAS,3/5/2020,SOD  ,36.21,-115.2,62,76,48,"3,034,392","109,797.10",27.636,38.2,"58,646",12.9,59.7
Nevada,LAS VEGAS,3/6/2020,SOD  ,36.21,-115.2,64,77,51,"3,034,392","109,798.10",27.636,38.2,"58,646",12.9,59.7
Nevada,LAS VEGAS,3/7/2020,SOD  ,36.21,-115.2,64,75,53,"3,034,392","109,799.10",27.636,38.2,"58,646",12.9,59.7
Nevada,LAS VEGAS,3/8/2020,SOD  ,36.21,-115.2,63,70,55,"3,034,392","109,800.10",27.636,38.2,"58,646",12.9,59.7
Nevada,LAS VEGAS,3/9/2020,SOD  ,36.21,-115.2,60,70,50,"3,034,392","109,801.10",27.635,38.2,"58,646",12.9,59.7
Nevada,LAS VEGAS,3/10/2020,SOD  ,36.21,-115.2,57,60,53,"3,034,392","109,802.10",27.635,38.2,"58,646",12.9,59.7
Nevada,LAS VEGAS,3/11/2020,SOD  ,36.21,-115.2,61,68,54,"3,034,392","109,803.10",27.635,38.2,"58,646",12.9,59.7
Nevada,LAS VEGAS,3/12/2020,SOD  ,36.21,-115.2,62,71,52,"3,034,392","109,804.10",27.635,38.2,"58,646",12.9,59.7
Nevada,LAS VEGAS,3/13/2020,SOD  ,36.21,-115.2,57,61,52,"3,034,392","109,805.10",27.634,38.2,"58,646",12.9,59.7
Nevada,LAS VEGAS,3/14/2020,SOD  ,36.21,-115.2,62,69,54,"3,034,392","109,806.10",27.634,38.2,"58,646",12.9,59.7
Nevada,LAS VEGAS,3/15/2020,SOD  ,36.21,-115.2,60,69,50,"3,034,392","109,807.10",27.634,38.2,"58,646",12.9,59.7
Nevada,LAS VEGAS,3/16/2020,SOD  ,36.21,-115.2,58,67,48,"3,034,392","109,808.10",27.634,38.2,"58,646",12.9,59.7
Nevada,LAS VEGAS,3/17/2020,SOD  ,36.21,-115.2,56,61,50,"3,034,392","109,809.10",27.633,38.2,"58,646",12.9,59.7
Nevada,LAS VEGAS,3/18/2020,SOD  ,36.21,-115.2,52,58,46,"3,034,392","109,810.10",27.633,38.2,"58,646",12.9,59.7
Nevada,LAS VEGAS,3/19/2020,SOD  ,36.21,-115.2,52,60,43,"3,034,392","109,811.10",27.633,38.2,"58,646",12.9,59.7
Nevada,LAS VEGAS,3/20/2020,SOD  ,36.21,-115.2,52,59,45,"3,034,392","109,812.10",27.633,38.2,"58,646",12.9,59.7
Nevada,LAS VEGAS,3/21/2020,SOD  ,36.21,-115.2,57,65,49,"3,034,392","109,813.10",27.632,38.2,"58,646",12.9,59.7
Nevada,LAS VEGAS,3/22/2020,SOD  ,36.21,-115.2,59,69,48,"3,034,392","109,814.10",27.632,38.2,"58,646",12.9,59.7
Nevada,LAS VEGAS,3/23/2020,SOD  ,36.21,-115.2,60,67,52,"3,034,392","109,815.10",27.632,38.2,"58,646",12.9,59.7
Nevada,LAS VEGAS,3/24/2020,SOD  ,36.21,-115.2,60,70,50,"3,034,392","109,816.10",27.632,38.2,"58,646",12.9,59.7
Nevada,LAS VEGAS,3/25/2020,SOD  ,36.21,-115.2,62,70,53,"3,034,392","109,817.10",27.631,38.2,"58,646",12.9,59.7
Nevada,LAS VEGAS,3/26/2020,SOD  ,36.21,-115.2,54,62,46,"3,034,392","109,818.10",27.631,38.2,"58,646",12.9,59.7
Nevada,LAS VEGAS,3/27/2020,SOD  ,36.21,-115.2,53,63,43,"3,034,392","109,819.10",27.631,38.2,"58,646",12.9,59.7
Nevada,LAS VEGAS,3/28/2020,SOD  ,36.21,-115.2,55,67,43,"3,034,392","109,820.10",27.631,38.2,"58,646",12.9,59.7
Nevada,LAS VEGAS,3/29/2020,SOD  ,36.21,-115.2,61,67,54,"3,034,392","109,821.10",27.63,38.2,"58,646",12.9,59.7
Nevada,LAS VEGAS,3/30/2020,SOD  ,36.21,-115.2,61,72,49,"3,034,392","109,822.10",27.63,38.2,"58,646",12.9,59.7
Nevada,LAS VEGAS,3/31/2020,SOD  ,36.21,-115.2,63,76,50,"3,034,392","109,823.10",27.63,38.2,"58,646",12.9,59.7
Nevada,LAS VEGAS,4/1/2020,SOD  ,36.21,-115.2,68,83,53,"3,034,392","109,824.10",27.63,38.2,"58,646",12.9,59.7
Nevada,LAS VEGAS,4/2/2020,SOD  ,36.21,-115.2,63,71,54,"3,034,392","109,825.10",27.629,38.2,"58,646",12.9,59.7
Nevada,LAS VEGAS,4/3/2020,SOD  ,36.21,-115.2,62,73,50,"3,034,392","109,826.10",27.629,38.2,"58,646",12.9,59.7
Nevada,LAS VEGAS,4/4/2020,SOD  ,36.21,-115.2,64,78,49,"3,034,392","109,827.10",27.629,38.2,"58,646",12.9,59.7
Nevada,LAS VEGAS,4/5/2020,SOD  ,36.21,-115.2,67,75,58,"3,034,392","109,828.10",27.629,38.2,"58,646",12.9,59.7
Nevada,LAS VEGAS,4/6/2020,SOD  ,36.21,-115.2,61,68,54,"3,034,392","109,829.10",27.628,38.2,"58,646",12.9,59.7
Nevada,LAS VEGAS,4/7/2020,SOD  ,36.21,-115.2,59,64,53,"3,034,392","109,830.10",27.628,38.2,"58,646",12.9,59.7
Nevada,LAS VEGAS,4/8/2020,SOD  ,36.21,-115.2,61,72,49,"3,034,392","109,831.10",27.628,38.2,"58,646",12.9,59.7
Nevada,LAS VEGAS,4/9/2020,SOD  ,36.21,-115.2,55,62,47,"3,034,392","109,832.10",27.628,38.2,"58,646",12.9,59.7
Nevada,LAS VEGAS,4/10/2020,SOD  ,36.21,-115.2,58,62,53,"3,034,392","109,833.10",27.627,38.2,"58,646",12.9,59.7
Nevada,LAS VEGAS,4/11/2020,SOD  ,36.21,-115.2,65,77,53,"3,034,392","109,834.10",27.627,38.2,"58,646",12.9,59.7
Nevada,LAS VEGAS,4/12/2020,SOD  ,36.21,-115.2,66,75,56,"3,034,392","109,835.10",27.627,38.2,"58,646",12.9,59.7
Nevada,LAS VEGAS,4/13/2020,SOD  ,36.21,-115.2,66,76,55,"3,034,392","109,836.10",27.627,38.2,"58,646",12.9,59.7
Nevada,LAS VEGAS,4/14/2020,SOD  ,36.21,-115.2,61,70,52,"3,034,392","109,837.10",27.626,38.2,"58,646",12.9,59.7
Nevada,LAS VEGAS,4/15/2020,SOD  ,36.21,-115.2,64,79,49,"3,034,392","109,838.10",27.626,38.2,"58,646",12.9,59.7
Nevada,LAS VEGAS,4/16/2020,SOD  ,36.21,-115.2,68,80,55,"3,034,392","109,839.10",27.626,38.2,"58,646",12.9,59.7
Nevada,LAS VEGAS,4/17/2020,SOD  ,36.21,-115.2,69,77,60,"3,034,392","109,840.10",27.626,38.2,"58,646",12.9,59.7
Nevada,LAS VEGAS,4/18/2020,SOD  ,36.21,-115.2,65,73,57,"3,034,392","109,841.10",27.625,38.2,"58,646",12.9,59.7
Nevada,LAS VEGAS,4/19/2020,SOD  ,36.21,-115.2,68,82,54,"3,034,392","109,842.10",27.625,38.2,"58,646",12.9,59.7
Nevada,LAS VEGAS,4/20/2020,SOD  ,36.21,-115.2,68,78,57,"3,034,392","109,843.10",27.625,38.2,"58,646",12.9,59.7
Nevada,LAS VEGAS,4/21/2020,SOD  ,36.21,-115.2,71,81,60,"3,034,392","109,844.10",27.625,38.2,"58,646",12.9,59.7
Nevada,LAS VEGAS,4/22/2020,SOD  ,36.21,-115.2,76,89,62,"3,034,392","109,845.10",27.624,38.2,"58,646",12.9,59.7
Nevada,LAS VEGAS,4/23/2020,SOD  ,36.21,-115.2,68.6,80,57.2,"3,034,392","109,751.10",27.648,38.2,"58,646",12.9,59.7
Nevada,LAS VEGAS,4/24/2020,SOD  ,36.21,-115.2,68.9,80.3,57.6,"3,034,392","109,752.10",27.648,38.2,"58,646",12.9,59.7
Nevada,LAS VEGAS,4/25/2020,SOD  ,36.21,-115.2,69.3,80.6,57.9,"3,034,392","109,753.10",27.647,38.2,"58,646",12.9,59.7
Nevada,LAS VEGAS,4/26/2020,SOD  ,36.21,-115.2,69.6,81,58.2,"3,034,392","109,754.10",27.647,38.2,"58,646",12.9,59.7
Nevada,LAS VEGAS,4/27/2020,SOD  ,36.21,-115.2,69.9,81.3,58.6,"3,034,392","109,755.10",27.647,38.2,"58,646",12.9,59.7
Nevada,LAS VEGAS,4/28/2020,SOD  ,36.21,-115.2,70.3,81.6,58.9,"3,034,392","109,756.10",27.647,38.2,"58,646",12.9,59.7
Nevada,LAS VEGAS,4/29/2020,SOD  ,36.21,-115.2,70.6,82,59.2,"3,034,392","109,757.10",27.646,38.2,"58,646",12.9,59.7
Nevada,LAS VEGAS,4/30/2020,SOD  ,36.21,-115.2,70.9,82.3,59.6,"3,034,392","109,758.10",27.646,38.2,"58,646",12.9,59.7
Nevada,LAS VEGAS,5/1/2020,SOD  ,36.21,-115.2,71.3,82.6,59.9,"3,034,392","109,759.10",27.646,38.2,"58,646",12.9,59.7
Nevada,LAS VEGAS,5/2/2020,SOD  ,36.21,-115.2,71.6,83,60.2,"3,034,392","109,760.10",27.646,38.2,"58,646",12.9,59.7
Nevada,LAS VEGAS,5/3/2020,SOD  ,36.21,-115.2,71.9,83.3,60.5,"3,034,392","109,761.10",27.645,38.2,"58,646",12.9,59.7
Nevada,LAS VEGAS,5/4/2020,SOD  ,36.21,-115.2,72.3,83.6,60.9,"3,034,392","109,762.10",27.645,38.2,"58,646",12.9,59.7
Nevada,LAS VEGAS,5/5/2020,SOD  ,36.21,-115.2,72.6,84,61.2,"3,034,392","109,763.10",27.645,38.2,"58,646",12.9,59.7
Nevada,LAS VEGAS,5/6/2020,SOD  ,36.21,-115.2,72.9,84.3,61.5,"3,034,392","109,764.10",27.645,38.2,"58,646",12.9,59.7
Nevada,LAS VEGAS,5/7/2020,SOD  ,36.21,-115.2,73.3,84.7,61.8,"3,034,392","109,765.10",27.644,38.2,"58,646",12.9,59.7
Nevada,LAS VEGAS,5/8/2020,SOD  ,36.21,-115.2,73.6,85,62.1,"3,034,392","109,766.10",27.644,38.2,"58,646",12.9,59.7
Nevada,LAS VEGAS,5/9/2020,SOD  ,36.21,-115.2,73.9,85.4,62.5,"3,034,392","109,767.10",27.644,38.2,"58,646",12.9,59.7
Nevada,LAS VEGAS,5/10/2020,SOD  ,36.21,-115.2,74.2,85.7,62.8,"3,034,392","109,768.10",27.644,38.2,"58,646",12.9,59.7
Nevada,LAS VEGAS,5/11/2020,SOD  ,36.21,-115.2,74.6,86,63.1,"3,034,392","109,769.10",27.643,38.2,"58,646",12.9,59.7
Nevada,LAS VEGAS,5/12/2020,SOD  ,36.21,-115.2,74.9,86.4,63.4,"3,034,392","109,770.10",27.643,38.2,"58,646",12.9,59.7
Nevada,LAS VEGAS,5/13/2020,SOD  ,36.21,-115.2,75.2,86.7,63.7,"3,034,392","109,771.10",27.643,38.2,"58,646",12.9,59.7
Nevada,LAS VEGAS,5/14/2020,SOD  ,36.21,-115.2,75.5,87.1,64,"3,034,392","109,772.10",27.643,38.2,"58,646",12.9,59.7
New Mexico,ALBUQUERQUE,1/22/2020,SOD  ,35.04,-106.62,44,49,38,"2,095,428","121,271.40",17.279,38.1,"47,169",19.5,52.3
New Mexico,ALBUQUERQUE,1/23/2020,SOD  ,35.04,-106.62,42,53,31,"2,095,428","121,272.40",17.279,38.1,"47,169",19.5,52.3
New Mexico,ALBUQUERQUE,1/24/2020,SOD  ,35.04,-106.62,40,51,28,"2,095,428","121,273.40",17.279,38.1,"47,169",19.5,52.3
New Mexico,ALBUQUERQUE,1/25/2020,SOD  ,35.04,-106.62,42,56,28,"2,095,428","121,274.40",17.278,38.1,"47,169",19.5,52.3
New Mexico,ALBUQUERQUE,1/26/2020,SOD  ,35.04,-106.62,42,54,30,"2,095,428","121,275.40",17.278,38.1,"47,169",19.5,52.3
New Mexico,ALBUQUERQUE,1/27/2020,SOD  ,35.04,-106.62,37,47,27,"2,095,428","121,276.40",17.278,38.1,"47,169",19.5,52.3
New Mexico,ALBUQUERQUE,1/28/2020,SOD  ,35.04,-106.62,39,48,29,"2,095,428","121,277.40",17.278,38.1,"47,169",19.5,52.3
New Mexico,ALBUQUERQUE,1/29/2020,SOD  ,35.04,-106.62,38,50,25,"2,095,428","121,278.40",17.278,38.1,"47,169",19.5,52.3
New Mexico,ALBUQUERQUE,1/30/2020,SOD  ,35.04,-106.62,40,51,28,"2,095,428","121,279.40",17.278,38.1,"47,169",19.5,52.3
New Mexico,ALBUQUERQUE,1/31/2020,SOD  ,35.04,-106.62,40,52,28,"2,095,428","121,280.40",17.278,38.1,"47,169",19.5,52.3
New Mexico,ALBUQUERQUE,2/1/2020,SOD  ,35.04,-106.62,42,58,26,"2,095,428","121,281.40",17.277,38.1,"47,169",19.5,52.3
New Mexico,ALBUQUERQUE,2/2/2020,SOD  ,35.04,-106.62,43,57,29,"2,095,428","121,282.40",17.277,38.1,"47,169",19.5,52.3
New Mexico,ALBUQUERQUE,2/3/2020,SOD  ,35.04,-106.62,46,61,30,"2,095,428","121,283.40",17.277,38.1,"47,169",19.5,52.3
New Mexico,ALBUQUERQUE,2/4/2020,SOD  ,35.04,-106.62,30,39,21,"2,095,428","121,284.40",17.277,38.1,"47,169",19.5,52.3
New Mexico,ALBUQUERQUE,2/5/2020,SOD  ,35.04,-106.62,22,32,12,"2,095,428","121,285.40",17.277,38.1,"47,169",19.5,52.3
New Mexico,ALBUQUERQUE,2/6/2020,SOD  ,35.04,-106.62,37,51,22,"2,095,428","121,286.40",17.277,38.1,"47,169",19.5,52.3
New Mexico,ALBUQUERQUE,2/7/2020,SOD  ,35.04,-106.62,46,63,29,"2,095,428","121,287.40",17.277,38.1,"47,169",19.5,52.3
New Mexico,ALBUQUERQUE,2/8/2020,SOD  ,35.04,-106.62,47,64,30,"2,095,428","121,288.40",17.276,38.1,"47,169",19.5,52.3
New Mexico,ALBUQUERQUE,2/9/2020,SOD  ,35.04,-106.62,45,57,33,"2,095,428","121,289.40",17.276,38.1,"47,169",19.5,52.3
New Mexico,ALBUQUERQUE,2/10/2020,SOD  ,35.04,-106.62,41,49,33,"2,095,428","121,290.40",17.276,38.1,"47,169",19.5,52.3
New Mexico,ALBUQUERQUE,2/11/2020,SOD  ,35.04,-106.62,31,34,27,"2,095,428","121,291.40",17.276,38.1,"47,169",19.5,52.3
New Mexico,ALBUQUERQUE,2/12/2020,SOD  ,35.04,-106.62,36,44,27,"2,095,428","121,292.40",17.276,38.1,"47,169",19.5,52.3
New Mexico,ALBUQUERQUE,2/13/2020,SOD  ,35.04,-106.62,37,50,24,"2,095,428","121,293.40",17.276,38.1,"47,169",19.5,52.3
New Mexico,ALBUQUERQUE,2/14/2020,SOD  ,35.04,-106.62,39,53,25,"2,095,428","121,294.40",17.276,38.1,"47,169",19.5,52.3
New Mexico,ALBUQUERQUE,2/15/2020,SOD  ,35.04,-106.62,45,59,31,"2,095,428","121,295.40",17.275,38.1,"47,169",19.5,52.3
New Mexico,ALBUQUERQUE,2/16/2020,SOD  ,35.04,-106.62,48,64,31,"2,095,428","121,296.40",17.275,38.1,"47,169",19.5,52.3
New Mexico,ALBUQUERQUE,2/17/2020,SOD  ,35.04,-106.62,49,64,34,"2,095,428","121,297.40",17.275,38.1,"47,169",19.5,52.3
New Mexico,ALBUQUERQUE,2/18/2020,SOD  ,35.04,-106.62,47,57,37,"2,095,428","121,298.40",17.275,38.1,"47,169",19.5,52.3
New Mexico,ALBUQUERQUE,2/19/2020,SOD  ,35.04,-106.62,46,56,36,"2,095,428","121,299.40",17.275,38.1,"47,169",19.5,52.3
New Mexico,ALBUQUERQUE,2/20/2020,SOD  ,35.04,-106.62,39,46,32,"2,095,428","121,300.40",17.275,38.1,"47,169",19.5,52.3
New Mexico,ALBUQUERQUE,2/21/2020,SOD  ,35.04,-106.62,38,46,30,"2,095,428","121,301.40",17.275,38.1,"47,169",19.5,52.3
New Mexico,ALBUQUERQUE,2/22/2020,SOD  ,35.04,-106.62,42,46,38,"2,095,428","121,302.40",17.274,38.1,"47,169",19.5,52.3
New Mexico,ALBUQUERQUE,2/23/2020,SOD  ,35.04,-106.62,44,50,37,"2,095,428","121,303.40",17.274,38.1,"47,169",19.5,52.3
New Mexico,ALBUQUERQUE,2/24/2020,SOD  ,35.04,-106.62,45,57,32,"2,095,428","121,304.40",17.274,38.1,"47,169",19.5,52.3
New Mexico,ALBUQUERQUE,2/25/2020,SOD  ,35.04,-106.62,35,43,27,"2,095,428","121,305.40",17.274,38.1,"47,169",19.5,52.3
New Mexico,ALBUQUERQUE,2/26/2020,SOD  ,35.04,-106.62,33,45,21,"2,095,428","121,306.40",17.274,38.1,"47,169",19.5,52.3
New Mexico,ALBUQUERQUE,2/27/2020,SOD  ,35.04,-106.62,42,58,25,"2,095,428","121,307.40",17.274,38.1,"47,169",19.5,52.3
New Mexico,ALBUQUERQUE,2/28/2020,SOD  ,35.04,-106.62,44,60,28,"2,095,428","121,308.40",17.274,38.1,"47,169",19.5,52.3
New Mexico,ALBUQUERQUE,2/29/2020,SOD  ,35.04,-106.62,49,65,33,"2,095,428","121,309.40",17.273,38.1,"47,169",19.5,52.3
New Mexico,ALBUQUERQUE,3/1/2020,SOD  ,35.04,-106.62,49,60,38,"2,095,428","121,310.40",17.273,38.1,"47,169",19.5,52.3
New Mexico,ALBUQUERQUE,3/2/2020,SOD  ,35.04,-106.62,46,59,33,"2,095,428","121,311.40",17.273,38.1,"47,169",19.5,52.3
New Mexico,ALBUQUERQUE,3/3/2020,SOD  ,35.04,-106.62,46,59,32,"2,095,428","121,312.40",17.273,38.1,"47,169",19.5,52.3
New Mexico,ALBUQUERQUE,3/4/2020,SOD  ,35.04,-106.62,49,63,35,"2,095,428","121,313.40",17.273,38.1,"47,169",19.5,52.3
New Mexico,ALBUQUERQUE,3/5/2020,SOD  ,35.04,-106.62,50,65,35,"2,095,428","121,314.40",17.273,38.1,"47,169",19.5,52.3
New Mexico,ALBUQUERQUE,3/6/2020,SOD  ,35.04,-106.62,51,65,37,"2,095,428","121,315.40",17.273,38.1,"47,169",19.5,52.3
New Mexico,ALBUQUERQUE,3/7/2020,SOD  ,35.04,-106.62,53,68,37,"2,095,428","121,316.40",17.272,38.1,"47,169",19.5,52.3
New Mexico,ALBUQUERQUE,3/8/2020,SOD  ,35.04,-106.62,51,58,44,"2,095,428","121,317.40",17.272,38.1,"47,169",19.5,52.3
New Mexico,ALBUQUERQUE,3/9/2020,SOD  ,35.04,-106.62,49,64,34,"2,095,428","121,318.40",17.272,38.1,"47,169",19.5,52.3
New Mexico,ALBUQUERQUE,3/10/2020,SOD  ,35.04,-106.62,55,67,42,"2,095,428","121,319.40",17.272,38.1,"47,169",19.5,52.3
New Mexico,ALBUQUERQUE,3/11/2020,SOD  ,35.04,-106.62,55,65,45,"2,095,428","121,320.40",17.272,38.1,"47,169",19.5,52.3
New Mexico,ALBUQUERQUE,3/12/2020,SOD  ,35.04,-106.62,57,66,48,"2,095,428","121,321.40",17.272,38.1,"47,169",19.5,52.3
New Mexico,ALBUQUERQUE,3/13/2020,SOD  ,35.04,-106.62,53,61,45,"2,095,428","121,322.40",17.272,38.1,"47,169",19.5,52.3
New Mexico,ALBUQUERQUE,3/14/2020,SOD  ,35.04,-106.62,48,59,37,"2,095,428","121,323.40",17.271,38.1,"47,169",19.5,52.3
New Mexico,ALBUQUERQUE,3/15/2020,SOD  ,35.04,-106.62,54,66,41,"2,095,428","121,324.40",17.271,38.1,"47,169",19.5,52.3
New Mexico,ALBUQUERQUE,3/16/2020,SOD  ,35.04,-106.62,54,68,40,"2,095,428","121,325.40",17.271,38.1,"47,169",19.5,52.3
New Mexico,ALBUQUERQUE,3/17/2020,SOD  ,35.04,-106.62,57,68,46,"2,095,428","121,326.40",17.271,38.1,"47,169",19.5,52.3
New Mexico,ALBUQUERQUE,3/18/2020,SOD  ,35.04,-106.62,51,60,41,"2,095,428","121,327.40",17.271,38.1,"47,169",19.5,52.3
New Mexico,ALBUQUERQUE,3/19/2020,SOD  ,35.04,-106.62,45,54,36,"2,095,428","121,328.40",17.271,38.1,"47,169",19.5,52.3
New Mexico,ALBUQUERQUE,3/20/2020,SOD  ,35.04,-106.62,48,60,35,"2,095,428","121,329.40",17.271,38.1,"47,169",19.5,52.3
New Mexico,ALBUQUERQUE,3/21/2020,SOD  ,35.04,-106.62,50,62,38,"2,095,428","121,330.40",17.27,38.1,"47,169",19.5,52.3
New Mexico,ALBUQUERQUE,3/22/2020,SOD  ,35.04,-106.62,49,62,36,"2,095,428","121,331.40",17.27,38.1,"47,169",19.5,52.3
New Mexico,ALBUQUERQUE,3/23/2020,SOD  ,35.04,-106.62,56,69,43,"2,095,428","121,332.40",17.27,38.1,"47,169",19.5,52.3
New Mexico,ALBUQUERQUE,3/24/2020,SOD  ,35.04,-106.62,54,66,41,"2,095,428","121,333.40",17.27,38.1,"47,169",19.5,52.3
New Mexico,ALBUQUERQUE,3/25/2020,SOD  ,35.04,-106.62,59,77,41,"2,095,428","121,334.40",17.27,38.1,"47,169",19.5,52.3
New Mexico,ALBUQUERQUE,3/26/2020,SOD  ,35.04,-106.62,59,66,51,"2,095,428","121,335.40",17.27,38.1,"47,169",19.5,52.3
New Mexico,ALBUQUERQUE,3/27/2020,SOD  ,35.04,-106.62,49,62,36,"2,095,428","121,336.40",17.27,38.1,"47,169",19.5,52.3
New Mexico,ALBUQUERQUE,3/28/2020,SOD  ,35.04,-106.62,43,54,31,"2,095,428","121,337.40",17.269,38.1,"47,169",19.5,52.3
New Mexico,ALBUQUERQUE,3/29/2020,SOD  ,35.04,-106.62,49,63,34,"2,095,428","121,338.40",17.269,38.1,"47,169",19.5,52.3
New Mexico,ALBUQUERQUE,3/30/2020,SOD  ,35.04,-106.62,51,62,39,"2,095,428","121,339.40",17.269,38.1,"47,169",19.5,52.3
New Mexico,ALBUQUERQUE,3/31/2020,SOD  ,35.04,-106.62,52,70,33,"2,095,428","121,340.40",17.269,38.1,"47,169",19.5,52.3
New Mexico,ALBUQUERQUE,4/1/2020,SOD  ,35.04,-106.62,61,73,49,"2,095,428","121,341.40",17.269,38.1,"47,169",19.5,52.3
New Mexico,ALBUQUERQUE,4/2/2020,SOD  ,35.04,-106.62,60,75,44,"2,095,428","121,342.40",17.269,38.1,"47,169",19.5,52.3
New Mexico,ALBUQUERQUE,4/3/2020,SOD  ,35.04,-106.62,57,69,44,"2,095,428","121,343.40",17.269,38.1,"47,169",19.5,52.3
New Mexico,ALBUQUERQUE,4/4/2020,SOD  ,35.04,-106.62,56,69,42,"2,095,428","121,344.40",17.268,38.1,"47,169",19.5,52.3
New Mexico,ALBUQUERQUE,4/5/2020,SOD  ,35.04,-106.62,56,71,40,"2,095,428","121,345.40",17.268,38.1,"47,169",19.5,52.3
New Mexico,ALBUQUERQUE,4/6/2020,SOD  ,35.04,-106.62,58,72,44,"2,095,428","121,346.40",17.268,38.1,"47,169",19.5,52.3
New Mexico,ALBUQUERQUE,4/7/2020,SOD  ,35.04,-106.62,57,73,41,"2,095,428","121,347.40",17.268,38.1,"47,169",19.5,52.3
New Mexico,ALBUQUERQUE,4/8/2020,SOD  ,35.04,-106.62,60,74,46,"2,095,428","121,348.40",17.268,38.1,"47,169",19.5,52.3
New Mexico,ALBUQUERQUE,4/9/2020,SOD  ,35.04,-106.62,62,73,51,"2,095,428","121,349.40",17.268,38.1,"47,169",19.5,52.3
New Mexico,ALBUQUERQUE,4/10/2020,SOD  ,35.04,-106.62,57,70,44,"2,095,428","121,350.40",17.268,38.1,"47,169",19.5,52.3
New Mexico,ALBUQUERQUE,4/11/2020,SOD  ,35.04,-106.62,55,68,41,"2,095,428","121,351.40",17.267,38.1,"47,169",19.5,52.3
New Mexico,ALBUQUERQUE,4/12/2020,SOD  ,35.04,-106.62,51,65,37,"2,095,428","121,352.40",17.267,38.1,"47,169",19.5,52.3
New Mexico,ALBUQUERQUE,4/13/2020,SOD  ,35.04,-106.62,42,50,33,"2,095,428","121,353.40",17.267,38.1,"47,169",19.5,52.3
New Mexico,ALBUQUERQUE,4/14/2020,SOD  ,35.04,-106.62,43,53,33,"2,095,428","121,354.40",17.267,38.1,"47,169",19.5,52.3
New Mexico,ALBUQUERQUE,4/15/2020,SOD  ,35.04,-106.62,47,64,29,"2,095,428","121,355.40",17.267,38.1,"47,169",19.5,52.3
New Mexico,ALBUQUERQUE,4/16/2020,SOD  ,35.04,-106.62,56,73,39,"2,095,428","121,356.40",17.267,38.1,"47,169",19.5,52.3
New Mexico,ALBUQUERQUE,4/17/2020,SOD  ,35.04,-106.62,56,69,43,"2,095,428","121,357.40",17.267,38.1,"47,169",19.5,52.3
New Mexico,ALBUQUERQUE,4/18/2020,SOD  ,35.04,-106.62,57,68,45,"2,095,428","121,358.40",17.266,38.1,"47,169",19.5,52.3
New Mexico,ALBUQUERQUE,4/19/2020,SOD  ,35.04,-106.62,56,71,41,"2,095,428","121,359.40",17.266,38.1,"47,169",19.5,52.3
New Mexico,ALBUQUERQUE,4/20/2020,SOD  ,35.04,-106.62,60,73,47,"2,095,428","121,360.40",17.266,38.1,"47,169",19.5,52.3
New Mexico,ALBUQUERQUE,4/21/2020,SOD  ,35.04,-106.62,61,71,51,"2,095,428","121,361.40",17.266,38.1,"47,169",19.5,52.3
New Mexico,ALBUQUERQUE,4/22/2020,SOD  ,35.04,-106.62,60,74,45,"2,095,428","121,362.40",17.266,38.1,"47,169",19.5,52.3
New Mexico,ALBUQUERQUE,4/23/2020,SOD  ,35.04,-106.62,58.3,71.3,45.4,"2,095,428","121,269.40",17.279,38.1,"47,169",19.5,52.3
New Mexico,ALBUQUERQUE,4/24/2020,SOD  ,35.04,-106.62,58.7,71.6,45.7,"2,095,428","121,270.40",17.279,38.1,"47,169",19.5,52.3
New Mexico,ALBUQUERQUE,4/25/2020,SOD  ,35.04,-106.62,59,71.9,46,"2,095,428","121,271.40",17.279,38.1,"47,169",19.5,52.3
New Mexico,ALBUQUERQUE,4/26/2020,SOD  ,35.04,-106.62,59.3,72.3,46.4,"2,095,428","121,272.40",17.279,38.1,"47,169",19.5,52.3
New Mexico,ALBUQUERQUE,4/27/2020,SOD  ,35.04,-106.62,59.6,72.6,46.7,"2,095,428","121,273.40",17.279,38.1,"47,169",19.5,52.3
New Mexico,ALBUQUERQUE,4/28/2020,SOD  ,35.04,-106.62,60,72.9,47,"2,095,428","121,274.40",17.278,38.1,"47,169",19.5,52.3
New Mexico,ALBUQUERQUE,4/29/2020,SOD  ,35.04,-106.62,60.3,73.2,47.4,"2,095,428","121,275.40",17.278,38.1,"47,169",19.5,52.3
New Mexico,ALBUQUERQUE,4/30/2020,SOD  ,35.04,-106.62,60.6,73.5,47.7,"2,095,428","121,276.40",17.278,38.1,"47,169",19.5,52.3
New Mexico,ALBUQUERQUE,5/1/2020,SOD  ,35.04,-106.62,60.9,73.9,48,"2,095,428","121,277.40",17.278,38.1,"47,169",19.5,52.3
New Mexico,ALBUQUERQUE,5/2/2020,SOD  ,35.04,-106.62,61.3,74.2,48.3,"2,095,428","121,278.40",17.278,38.1,"47,169",19.5,52.3
New Mexico,ALBUQUERQUE,5/3/2020,SOD  ,35.04,-106.62,61.6,74.5,48.6,"2,095,428","121,279.40",17.278,38.1,"47,169",19.5,52.3
New Mexico,ALBUQUERQUE,5/4/2020,SOD  ,35.04,-106.62,61.9,74.8,48.9,"2,095,428","121,280.40",17.278,38.1,"47,169",19.5,52.3
New Mexico,ALBUQUERQUE,5/5/2020,SOD  ,35.04,-106.62,62.2,75.2,49.3,"2,095,428","121,281.40",17.277,38.1,"47,169",19.5,52.3
New Mexico,ALBUQUERQUE,5/6/2020,SOD  ,35.04,-106.62,62.5,75.5,49.6,"2,095,428","121,282.40",17.277,38.1,"47,169",19.5,52.3
New Mexico,ALBUQUERQUE,5/7/2020,SOD  ,35.04,-106.62,62.8,75.8,49.9,"2,095,428","121,283.40",17.277,38.1,"47,169",19.5,52.3
New Mexico,ALBUQUERQUE,5/8/2020,SOD  ,35.04,-106.62,63.1,76.1,50.2,"2,095,428","121,284.40",17.277,38.1,"47,169",19.5,52.3
New Mexico,ALBUQUERQUE,5/9/2020,SOD  ,35.04,-106.62,63.5,76.5,50.5,"2,095,428","121,285.40",17.277,38.1,"47,169",19.5,52.3
New Mexico,ALBUQUERQUE,5/10/2020,SOD  ,35.04,-106.62,63.8,76.8,50.8,"2,095,428","121,286.40",17.277,38.1,"47,169",19.5,52.3
New Mexico,ALBUQUERQUE,5/11/2020,SOD  ,35.04,-106.62,64.1,77.1,51.1,"2,095,428","121,287.40",17.277,38.1,"47,169",19.5,52.3
New Mexico,ALBUQUERQUE,5/12/2020,SOD  ,35.04,-106.62,64.4,77.4,51.4,"2,095,428","121,288.40",17.276,38.1,"47,169",19.5,52.3
New Mexico,ALBUQUERQUE,5/13/2020,SOD  ,35.04,-106.62,64.7,77.8,51.6,"2,095,428","121,289.40",17.276,38.1,"47,169",19.5,52.3
New Mexico,ALBUQUERQUE,5/14/2020,SOD  ,35.04,-106.62,65,78.1,51.9,"2,095,428","121,290.40",17.276,38.1,"47,169",19.5,52.3
Utah,SALT LAKE CITY,1/22/2020,SOD  ,40.78,-111.97,40,43,36,"3,161,105","82,173.80",38.469,31,"71,414",9,65.8
Utah,SALT LAKE CITY,1/23/2020,SOD  ,40.78,-111.97,42,49,35,"3,161,105","82,174.80",38.468,31,"71,414",9,65.8
Utah,SALT LAKE CITY,1/24/2020,SOD  ,40.78,-111.97,38,41,34,"3,161,105","82,175.80",38.468,31,"71,414",9,65.8
Utah,SALT LAKE CITY,1/25/2020,SOD  ,40.78,-111.97,41,49,32,"3,161,105","82,176.80",38.467,31,"71,414",9,65.8
Utah,SALT LAKE CITY,1/26/2020,SOD  ,40.78,-111.97,39,46,32,"3,161,105","82,177.80",38.467,31,"71,414",9,65.8
Utah,SALT LAKE CITY,1/27/2020,SOD  ,40.78,-111.97,40,46,33,"3,161,105","82,178.80",38.466,31,"71,414",9,65.8
Utah,SALT LAKE CITY,1/28/2020,SOD  ,40.78,-111.97,39,45,33,"3,161,105","82,179.80",38.466,31,"71,414",9,65.8
Utah,SALT LAKE CITY,1/29/2020,SOD  ,40.78,-111.97,37,41,33,"3,161,105","82,180.80",38.465,31,"71,414",9,65.8
Utah,SALT LAKE CITY,1/30/2020,SOD  ,40.78,-111.97,35,40,30,"3,161,105","82,181.80",38.465,31,"71,414",9,65.8
Utah,SALT LAKE CITY,1/31/2020,SOD  ,40.78,-111.97,36,45,27,"3,161,105","82,182.80",38.464,31,"71,414",9,65.8
Utah,SALT LAKE CITY,2/1/2020,SOD  ,40.78,-111.97,43,54,32,"3,161,105","82,183.80",38.464,31,"71,414",9,65.8
Utah,SALT LAKE CITY,2/2/2020,SOD  ,40.78,-111.97,39,49,29,"3,161,105","82,184.80",38.463,31,"71,414",9,65.8
Utah,SALT LAKE CITY,2/3/2020,SOD  ,40.78,-111.97,23,29,17,"3,161,105","82,185.80",38.463,31,"71,414",9,65.8
Utah,SALT LAKE CITY,2/4/2020,SOD  ,40.78,-111.97,18,26,9,"3,161,105","82,186.80",38.462,31,"71,414",9,65.8
Utah,SALT LAKE CITY,2/5/2020,SOD  ,40.78,-111.97,21,26,16,"3,161,105","82,187.80",38.462,31,"71,414",9,65.8
Utah,SALT LAKE CITY,2/6/2020,SOD  ,40.78,-111.97,31,37,25,"3,161,105","82,188.80",38.462,31,"71,414",9,65.8
Utah,SALT LAKE CITY,2/7/2020,SOD  ,40.78,-111.97,40,44,35,"3,161,105","82,189.80",38.461,31,"71,414",9,65.8
Utah,SALT LAKE CITY,2/8/2020,SOD  ,40.78,-111.97,41,52,29,"3,161,105","82,190.80",38.461,31,"71,414",9,65.8
Utah,SALT LAKE CITY,2/9/2020,SOD  ,40.78,-111.97,33,41,25,"3,161,105","82,191.80",38.46,31,"71,414",9,65.8
Utah,SALT LAKE CITY,2/10/2020,SOD  ,40.78,-111.97,30,37,23,"3,161,105","82,192.80",38.46,31,"71,414",9,65.8
Utah,SALT LAKE CITY,2/11/2020,SOD  ,40.78,-111.97,31,39,22,"3,161,105","82,193.80",38.459,31,"71,414",9,65.8
Utah,SALT LAKE CITY,2/12/2020,SOD  ,40.78,-111.97,36,43,29,"3,161,105","82,194.80",38.459,31,"71,414",9,65.8
Utah,SALT LAKE CITY,2/13/2020,SOD  ,40.78,-111.97,38,47,28,"3,161,105","82,195.80",38.458,31,"71,414",9,65.8
Utah,SALT LAKE CITY,2/14/2020,SOD  ,40.78,-111.97,44,56,32,"3,161,105","82,196.80",38.458,31,"71,414",9,65.8
Utah,SALT LAKE CITY,2/15/2020,SOD  ,40.78,-111.97,37,45,28,"3,161,105","82,197.80",38.457,31,"71,414",9,65.8
Utah,SALT LAKE CITY,2/16/2020,SOD  ,40.78,-111.97,37,41,33,"3,161,105","82,198.80",38.457,31,"71,414",9,65.8
Utah,SALT LAKE CITY,2/17/2020,SOD  ,40.78,-111.97,35,41,29,"3,161,105","82,199.80",38.456,31,"71,414",9,65.8
Utah,SALT LAKE CITY,2/18/2020,SOD  ,40.78,-111.97,31,38,24,"3,161,105","82,200.80",38.456,31,"71,414",9,65.8
Utah,SALT LAKE CITY,2/19/2020,SOD  ,40.78,-111.97,30,36,23,"3,161,105","82,201.80",38.455,31,"71,414",9,65.8
Utah,SALT LAKE CITY,2/20/2020,SOD  ,40.78,-111.97,31,41,21,"3,161,105","82,202.80",38.455,31,"71,414",9,65.8
Utah,SALT LAKE CITY,2/21/2020,SOD  ,40.78,-111.97,33,43,22,"3,161,105","82,203.80",38.454,31,"71,414",9,65.8
Utah,SALT LAKE CITY,2/22/2020,SOD  ,40.78,-111.97,36,45,27,"3,161,105","82,204.80",38.454,31,"71,414",9,65.8
Utah,SALT LAKE CITY,2/23/2020,SOD  ,40.78,-111.97,41,54,27,"3,161,105","82,205.80",38.454,31,"71,414",9,65.8
Utah,SALT LAKE CITY,2/24/2020,SOD  ,40.78,-111.97,37,44,30,"3,161,105","82,206.80",38.453,31,"71,414",9,65.8
Utah,SALT LAKE CITY,2/25/2020,SOD  ,40.78,-111.97,32,39,24,"3,161,105","82,207.80",38.453,31,"71,414",9,65.8
Utah,SALT LAKE CITY,2/26/2020,SOD  ,40.78,-111.97,37,49,25,"3,161,105","82,208.80",38.452,31,"71,414",9,65.8
Utah,SALT LAKE CITY,2/27/2020,SOD  ,40.78,-111.97,40,52,27,"3,161,105","82,209.80",38.452,31,"71,414",9,65.8
Utah,SALT LAKE CITY,2/28/2020,SOD  ,40.78,-111.97,46,60,31,"3,161,105","82,210.80",38.451,31,"71,414",9,65.8
Utah,SALT LAKE CITY,2/29/2020,SOD  ,40.78,-111.97,49,60,38,"3,161,105","82,211.80",38.451,31,"71,414",9,65.8
Utah,SALT LAKE CITY,3/1/2020,SOD  ,40.78,-111.97,35,39,31,"3,161,105","82,212.80",38.45,31,"71,414",9,65.8
Utah,SALT LAKE CITY,3/2/2020,SOD  ,40.78,-111.97,35,43,27,"3,161,105","82,213.80",38.45,31,"71,414",9,65.8
Utah,SALT LAKE CITY,3/3/2020,SOD  ,40.78,-111.97,40,49,30,"3,161,105","82,214.80",38.449,31,"71,414",9,65.8
Utah,SALT LAKE CITY,3/4/2020,SOD  ,40.78,-111.97,46,61,30,"3,161,105","82,215.80",38.449,31,"71,414",9,65.8
Utah,SALT LAKE CITY,3/5/2020,SOD  ,40.78,-111.97,52,66,37,"3,161,105","82,216.80",38.448,31,"71,414",9,65.8
Utah,SALT LAKE CITY,3/6/2020,SOD  ,40.78,-111.97,59,70,48,"3,161,105","82,217.80",38.448,31,"71,414",9,65.8
Utah,SALT LAKE CITY,3/7/2020,SOD  ,40.78,-111.97,56,64,47,"3,161,105","82,218.80",38.447,31,"71,414",9,65.8
Utah,SALT LAKE CITY,3/8/2020,SOD  ,40.78,-111.97,48,54,41,"3,161,105","82,219.80",38.447,31,"71,414",9,65.8
Utah,SALT LAKE CITY,3/9/2020,SOD  ,40.78,-111.97,49,57,40,"3,161,105","82,220.80",38.447,31,"71,414",9,65.8
Utah,SALT LAKE CITY,3/10/2020,SOD  ,40.78,-111.97,48,58,37,"3,161,105","82,221.80",38.446,31,"71,414",9,65.8
Utah,SALT LAKE CITY,3/11/2020,SOD  ,40.78,-111.97,50,61,38,"3,161,105","82,222.80",38.446,31,"71,414",9,65.8
Utah,SALT LAKE CITY,3/12/2020,SOD  ,40.78,-111.97,48,58,38,"3,161,105","82,223.80",38.445,31,"71,414",9,65.8
Utah,SALT LAKE CITY,3/13/2020,SOD  ,40.78,-111.97,41,50,32,"3,161,105","82,224.80",38.445,31,"71,414",9,65.8
Utah,SALT LAKE CITY,3/14/2020,SOD  ,40.78,-111.97,53,60,46,"3,161,105","82,225.80",38.444,31,"71,414",9,65.8
Utah,SALT LAKE CITY,3/15/2020,SOD  ,40.78,-111.97,56,65,47,"3,161,105","82,226.80",38.444,31,"71,414",9,65.8
Utah,SALT LAKE CITY,3/16/2020,SOD  ,40.78,-111.97,53,62,44,"3,161,105","82,227.80",38.443,31,"71,414",9,65.8
Utah,SALT LAKE CITY,3/17/2020,SOD  ,40.78,-111.97,53,66,40,"3,161,105","82,228.80",38.443,31,"71,414",9,65.8
Utah,SALT LAKE CITY,3/18/2020,SOD  ,40.78,-111.97,NA,52,NA,"3,161,105","82,229.80",38.442,31,"71,414",9,65.8
Utah,SALT LAKE CITY,3/19/2020,SOD  ,40.78,-111.97,43,48,37,"3,161,105","82,230.80",38.442,31,"71,414",9,65.8
Utah,SALT LAKE CITY,3/20/2020,SOD  ,40.78,-111.97,42,47,37,"3,161,105","82,231.80",38.441,31,"71,414",9,65.8
Utah,SALT LAKE CITY,3/21/2020,SOD  ,40.78,-111.97,43,53,33,"3,161,105","82,232.80",38.441,31,"71,414",9,65.8
Utah,SALT LAKE CITY,3/22/2020,SOD  ,40.78,-111.97,47,57,37,"3,161,105","82,233.80",38.44,31,"71,414",9,65.8
Utah,SALT LAKE CITY,3/23/2020,SOD  ,40.78,-111.97,49,56,41,"3,161,105","82,234.80",38.44,31,"71,414",9,65.8
Utah,SALT LAKE CITY,3/24/2020,SOD  ,40.78,-111.97,50,59,40,"3,161,105","82,235.80",38.44,31,"71,414",9,65.8
Utah,SALT LAKE CITY,3/25/2020,SOD  ,40.78,-111.97,39,45,33,"3,161,105","82,236.80",38.439,31,"71,414",9,65.8
Utah,SALT LAKE CITY,3/26/2020,SOD  ,40.78,-111.97,37,43,31,"3,161,105","82,237.80",38.439,31,"71,414",9,65.8
Utah,SALT LAKE CITY,3/27/2020,SOD  ,40.78,-111.97,36,44,27,"3,161,105","82,238.80",38.438,31,"71,414",9,65.8
Utah,SALT LAKE CITY,3/28/2020,SOD  ,40.78,-111.97,40,48,32,"3,161,105","82,239.80",38.438,31,"71,414",9,65.8
Utah,SALT LAKE CITY,3/29/2020,SOD  ,40.78,-111.97,46,54,37,"3,161,105","82,240.80",38.437,31,"71,414",9,65.8
Utah,SALT LAKE CITY,3/30/2020,SOD  ,40.78,-111.97,49,57,40,"3,161,105","82,241.80",38.437,31,"71,414",9,65.8
Utah,SALT LAKE CITY,3/31/2020,SOD  ,40.78,-111.97,59,68,49,"3,161,105","82,242.80",38.436,31,"71,414",9,65.8
Utah,SALT LAKE CITY,4/1/2020,SOD  ,40.78,-111.97,45,56,33,"3,161,105","82,243.80",38.436,31,"71,414",9,65.8
Utah,SALT LAKE CITY,4/2/2020,SOD  ,40.78,-111.97,37,44,30,"3,161,105","82,244.80",38.435,31,"71,414",9,65.8
Utah,SALT LAKE CITY,4/3/2020,SOD  ,40.78,-111.97,41,52,29,"3,161,105","82,245.80",38.435,31,"71,414",9,65.8
Utah,SALT LAKE CITY,4/4/2020,SOD  ,40.78,-111.97,47,62,31,"3,161,105","82,246.80",38.434,31,"71,414",9,65.8
Utah,SALT LAKE CITY,4/5/2020,SOD  ,40.78,-111.97,57,68,45,"3,161,105","82,247.80",38.434,31,"71,414",9,65.8
Utah,SALT LAKE CITY,4/6/2020,SOD  ,40.78,-111.97,58,63,53,"3,161,105","82,248.80",38.433,31,"71,414",9,65.8
Utah,SALT LAKE CITY,4/7/2020,SOD  ,40.78,-111.97,58,67,49,"3,161,105","82,249.80",38.433,31,"71,414",9,65.8
Utah,SALT LAKE CITY,4/8/2020,SOD  ,40.78,-111.97,56,70,42,"3,161,105","82,250.80",38.433,31,"71,414",9,65.8
Utah,SALT LAKE CITY,4/9/2020,SOD  ,40.78,-111.97,56,68,43,"3,161,105","82,251.80",38.432,31,"71,414",9,65.8
Utah,SALT LAKE CITY,4/10/2020,SOD  ,40.78,-111.97,53,64,42,"3,161,105","82,252.80",38.432,31,"71,414",9,65.8
Utah,SALT LAKE CITY,4/11/2020,SOD  ,40.78,-111.97,57,66,47,"3,161,105","82,253.80",38.431,31,"71,414",9,65.8
Utah,SALT LAKE CITY,4/12/2020,SOD  ,40.78,-111.97,44,52,36,"3,161,105","82,254.80",38.431,31,"71,414",9,65.8
Utah,SALT LAKE CITY,4/13/2020,SOD  ,40.78,-111.97,40,47,33,"3,161,105","82,255.80",38.43,31,"71,414",9,65.8
Utah,SALT LAKE CITY,4/14/2020,SOD  ,40.78,-111.97,41,52,30,"3,161,105","82,256.80",38.43,31,"71,414",9,65.8
Utah,SALT LAKE CITY,4/15/2020,SOD  ,40.78,-111.97,49,57,41,"3,161,105","82,257.80",38.429,31,"71,414",9,65.8
Utah,SALT LAKE CITY,4/16/2020,SOD  ,40.78,-111.97,43,49,36,"3,161,105","82,258.80",38.429,31,"71,414",9,65.8
Utah,SALT LAKE CITY,4/17/2020,SOD  ,40.78,-111.97,45,57,33,"3,161,105","82,259.80",38.428,31,"71,414",9,65.8
Utah,SALT LAKE CITY,4/18/2020,SOD  ,40.78,-111.97,52,64,40,"3,161,105","82,260.80",38.428,31,"71,414",9,65.8
Utah,SALT LAKE CITY,4/19/2020,SOD  ,40.78,-111.97,54,62,46,"3,161,105","82,261.80",38.427,31,"71,414",9,65.8
Utah,SALT LAKE CITY,4/20/2020,SOD  ,40.78,-111.97,55,67,42,"3,161,105","82,262.80",38.427,31,"71,414",9,65.8
Utah,SALT LAKE CITY,4/21/2020,SOD  ,40.78,-111.97,57,70,44,"3,161,105","82,263.80",38.426,31,"71,414",9,65.8
Utah,SALT LAKE CITY,4/22/2020,SOD  ,40.78,-111.97,57,67,47,"3,161,105","82,264.80",38.426,31,"71,414",9,65.8
Utah,SALT LAKE CITY,4/23/2020,SOD  ,40.78,-111.97,52.4,63.8,41.1,"3,161,105","82,173.80",38.469,31,"71,414",9,65.8
Utah,SALT LAKE CITY,4/24/2020,SOD  ,40.78,-111.97,52.8,64.1,41.4,"3,161,105","82,173.80",38.469,31,"71,414",9,65.8
Utah,SALT LAKE CITY,4/25/2020,SOD  ,40.78,-111.97,53.1,64.4,41.7,"3,161,105","82,173.80",38.469,31,"71,414",9,65.8
Utah,SALT LAKE CITY,4/26/2020,SOD  ,40.78,-111.97,53.4,64.8,42,"3,161,105","82,173.80",38.469,31,"71,414",9,65.8
Utah,SALT LAKE CITY,4/27/2020,SOD  ,40.78,-111.97,53.7,65.2,42.3,"3,161,105","82,173.80",38.469,31,"71,414",9,65.8
Utah,SALT LAKE CITY,4/28/2020,SOD  ,40.78,-111.97,54.1,65.5,42.6,"3,161,105","82,173.80",38.469,31,"71,414",9,65.8
Utah,SALT LAKE CITY,4/29/2020,SOD  ,40.78,-111.97,54.4,65.9,42.9,"3,161,105","82,173.80",38.469,31,"71,414",9,65.8
Utah,SALT LAKE CITY,4/30/2020,SOD  ,40.78,-111.97,54.7,66.2,43.2,"3,161,105","82,173.80",38.469,31,"71,414",9,65.8
Utah,SALT LAKE CITY,5/1/2020,SOD  ,40.78,-111.97,55,66.6,43.5,"3,161,105","82,173.80",38.469,31,"71,414",9,65.8
Utah,SALT LAKE CITY,5/2/2020,SOD  ,40.78,-111.97,55.4,67,43.8,"3,161,105","82,173.80",38.469,31,"71,414",9,65.8
Utah,SALT LAKE CITY,5/3/2020,SOD  ,40.78,-111.97,55.7,67.3,44.1,"3,161,105","82,173.80",38.469,31,"71,414",9,65.8
Utah,SALT LAKE CITY,5/4/2020,SOD  ,40.78,-111.97,56.1,67.7,44.4,"3,161,105","82,173.80",38.469,31,"71,414",9,65.8
Utah,SALT LAKE CITY,5/5/2020,SOD  ,40.78,-111.97,56.4,68.1,44.7,"3,161,105","82,173.80",38.469,31,"71,414",9,65.8
Utah,SALT LAKE CITY,5/6/2020,SOD  ,40.78,-111.97,56.7,68.4,45,"3,161,105","82,173.80",38.469,31,"71,414",9,65.8
Utah,SALT LAKE CITY,5/7/2020,SOD  ,40.78,-111.97,57.1,68.8,45.3,"3,161,105","82,173.80",38.469,31,"71,414",9,65.8
Utah,SALT LAKE CITY,5/8/2020,SOD  ,40.78,-111.97,57.4,69.2,45.6,"3,161,105","82,173.80",38.469,31,"71,414",9,65.8
Utah,SALT LAKE CITY,5/9/2020,SOD  ,40.78,-111.97,57.7,69.5,45.9,"3,161,105","82,173.80",38.469,31,"71,414",9,65.8
Utah,SALT LAKE CITY,5/10/2020,SOD  ,40.78,-111.97,58,69.9,46.2,"3,161,105","82,173.80",38.469,31,"71,414",9,65.8
Utah,SALT LAKE CITY,5/11/2020,SOD  ,40.78,-111.97,58.4,70.2,46.5,"3,161,105","82,173.80",38.469,31,"71,414",9,65.8
Utah,SALT LAKE CITY,5/12/2020,SOD  ,40.78,-111.97,58.7,70.6,46.8,"3,161,105","82,173.80",38.469,31,"71,414",9,65.8
Utah,SALT LAKE CITY,5/13/2020,SOD  ,40.78,-111.97,59,70.9,47.1,"3,161,105","82,173.80",38.469,31,"71,414",9,65.8
Utah,SALT LAKE CITY,5/14/2020,SOD  ,40.78,-111.97,59.3,71.3,47.3,"3,161,105","82,173.80",38.469,31,"71,414",9,65.8
